Branch_Plant,Item_Nbr,Item_Desc1,Item_Desc2,Lot_Nbr,Location,Product_Line_Code,Product_Line,Item_Type_Code,Item_Type,Product_Level3,Product_Level4,Product_Level5,First_GRN_Date,Item_Year_Aging,Item_Month_Aging,Expiry_Date,Manufacturing_Date_(PRC only),UOM,Pack_Content,Lot_Status,Unit_Cost,Qty_On_Hand,Qty_Hard_Committed,Total_Value,Total_Value_In_Lacs,Qty_Soft_Committed,Qty_Work_Order_Hard_Committed,Qty_Future_Committed,Qty_Available,Year_Expiry,Item_Month_Aging,Sum_Qty
91210,250080341,Dummy Value 30,Dummy Value 64,Dummy Value 43,G17AS1B02,228,General Surgery,MCP,Medsurg Capital,General Surgery,Endoscopy,Endoscopy & NSE,2018-10-26,0,0,2099-12-31,,EA,1,,12115.78,15,13,181736.7,1.82,0,0,0,2,2099,0,
91210,1188010000E,Dummy Value 68,Dummy Value 65,Dummy Value 28,SALEBULK,229,Video,MCP,Medsurg Capital,Video,Endoscopy,Endoscopy & NSE,2016-12-16,2,22,2040-12-31,,EA,1,,164558.66,1,0,164558.66,1.65,0,0,0,1,2040,22,
91210,482317065,Dummy Value 29,Dummy Value 29,Dummy Value 27,G15AS2C05,126,Thoraco-Lumbar,IMP,Implant SKU,Spine,NSE,Endoscopy & NSE,2018-02-02,0,8,2040-12-31,2016-04-18,EA,1,,6565.53,4,0,26262.12,0.26,0,0,0,4,2040,8,
91210,5400210259,Dummy Value 42,Dummy Value 32,Dummy Value 49,G13DS1E02,303,Micro - NSE,MCP,Medsurg Capital,Micro-Surgical (NSE),NSE,Endoscopy & NSE,2018-03-16,0,7,2099-12-31,,EA,1,,37935.17,1,0,37935.17,0.38,0,0,0,1,2099,7,
91210,502539010,Dummy Value 35,Dummy Value 69,Dummy Value 63,G17BS1F01,229,Video,MCP,Medsurg Capital,Video,Endoscopy,Endoscopy & NSE,2014-09-18,4,49,2040-12-31,,EA,1,,70449.65,1,0,70449.65,0.7,0,0,0,1,2040,49,
91210,48651348,Dummy Value 10,Dummy Value 61,Dummy Value 16,G15AS1D02,125,Cervical,IMP,Implant SKU,Spine,NSE,Endoscopy & NSE,2018-01-24,0,9,2040-12-31,2017-12-01,EA,1,,13782.39,1,0,13782.39,0.14,0,0,0,1,2040,9,
91209,3820203,Dummy Value 90,Dummy Value 98,Dummy Value 24,G15AS2C06,126,Thoraco-Lumbar,IMP,Implant SKU,Spine,NSE,Endoscopy & NSE,2017-07-05,1,15,2040-12-31,,EA,1,,4913.26,1,0,4913.26,0.05,0,0,0,1,2040,15,
91210,6220295,Dummy Value 85,Dummy Value 87,Dummy Value 70,G14CS2A03,330,Cranio-Maxillofacial,INS,Instrument SKU,CMF,NSE,Endoscopy & NSE,2018-07-12,0,3,2099-12-31,,EA,1,,15257.9,1,0,15257.9,0.15,0,0,0,1,2099,3,
91210,5820066021,Dummy Value 39,Dummy Value 46,Dummy Value 53,G16DS1A03,303,Micro - NSE,MCS,Medsurg Consumable,NSE - Others,NSE,Endoscopy & NSE,2018-04-03,0,6,2022-12-01,,EA,1,,2144.35,6,0,12866.07,0.13,0,0,0,6,2022,6,
91210,502859030,Dummy Value 94,Dummy Value 39,Dummy Value 100,G11CS1B01,229,Video,MCP,Medsurg Capital,Video,Endoscopy,Endoscopy & NSE,2017-05-01,1,17,2099-12-31,,EA,1,,64285.95,1,0,64285.95,0.64,0,0,0,1,2099,17,
91210,620040610,Dummy Value 41,Dummy Value 56,Dummy Value 88,G10ES1A01,228,General Surgery,MCP,Medsurg Capital,General Surgery,Endoscopy,Endoscopy & NSE,2018-06-13,0,4,2099-12-31,2018-03-09,EA,1,,199837.23,1,1,199837.23,2,0,0,0,0,2099,4,
91210,6220285,Dummy Value 26,Dummy Value 27,Dummy Value 29,G14CS2A01,330,Cranio-Maxillofacial,INS,Instrument SKU,CMF,NSE,Endoscopy & NSE,2018-05-17,0,5,2099-12-31,,EA,1,,9749.57,1,0,9749.57,0.1,0,0,0,1,2099,5,
91210,250080310,Dummy Value 46,Dummy Value 36,Dummy Value 57,G17BS1C02,228,General Surgery,MCP,Medsurg Capital,General Surgery,Endoscopy,Endoscopy & NSE,2017-02-14,1,20,2099-12-31,,EA,1,,7540.46,11,0,82945.06,0.83,0,0,0,11,2099,20,
91210,6730220020,Dummy Value 61,Dummy Value 25,Dummy Value 73,F12CS1D01,342,NSE Other (incl ENT&SilverGli),MCP,Medsurg Capital,NSE - Others,NSE,Endoscopy & NSE,2016-08-19,2,26,2040-12-31,,EA,1,,12258.17,6,0,73549.01,0.74,0,0,0,6,2040,26,
91209,250282009,Dummy Value 46,Dummy Value 80,Dummy Value 75,G12AS1E03,228,General Surgery,MCP,Medsurg Capital,General Surgery,Endoscopy,Endoscopy & NSE,2016-05-07,2,29,2040-12-31,,EA,1,,10765.98,6,0,64595.85,0.65,0,0,0,6,2040,29,
91210,5020718,Dummy Value 89,Dummy Value 85,Dummy Value 84,G14AS2E01,330,Cranio-Maxillofacial,IMP,Implant SKU,CMF,NSE,Endoscopy & NSE,2017-09-15,1,13,2099-12-31,,EA,5,,1285.71,2,0,2571.42,0.03,0,0,0,2,2099,13,
91210,5100010060,Dummy Value 100,Dummy Value 55,Dummy Value 64,G13AS1A04,303,Micro - NSE,MCP,Medsurg Capital,Micro-Surgical (NSE),NSE,Endoscopy & NSE,2016-09-15,2,25,2040-12-31,,EA,1,,27716.82,1,0,27716.82,0.28,0,0,0,1,2040,25,
91210,6730220004,Dummy Value 86,Dummy Value 75,Dummy Value 83,F16CS1E01,342,NSE Other (incl ENT&SilverGli),MCP,Medsurg Capital,NSE - Others,NSE,Endoscopy & NSE,2016-12-16,2,22,2040-12-31,,EA,1,,15141.88,17,0,257411.91,2.57,0,0,0,17,2040,22,
91210,250080283,Dummy Value 99,Dummy Value 67,Dummy Value 23,G17AS1B04,228,General Surgery,MCP,Medsurg Capital,General Surgery,Endoscopy,Endoscopy & NSE,2016-06-24,2,28,2040-12-31,,EA,1,,7540.46,10,0,75404.6,0.75,0,0,0,10,2040,28,
91210,1188210105,Dummy Value 15,Dummy Value 66,Dummy Value 100,F01DS1A01,229,Video,MCP,Medsurg Capital,Video,Endoscopy,Endoscopy & NSE,2016-12-07,2,22,2040-12-31,,EA,1,,127259.61,1,0,127259.61,1.27,0,0,0,1,2040,22,
91210,5506320,Dummy Value 64,Dummy Value 64,Dummy Value 85,G14BS2A01,330,Cranio-Maxillofacial,IMP,Implant SKU,CMF,NSE,Endoscopy & NSE,2014-07-29,4,51,2040-12-31,,EA,1,,624.58,1,0,624.58,0.01,0,0,0,1,2040,51,
91210,48644014,Dummy Value 33,Dummy Value 53,Dummy Value 14,G15AS1A02,125,Cervical,IMP,Implant SKU,Spine,NSE,Endoscopy & NSE,2018-10-25,0,0,2099-12-31,2018-09-17,EA,1,,1121.55,7,0,7850.85,0.08,0,0,0,7,2099,0,
91209,3820435,Dummy Value 62,Dummy Value 84,Dummy Value 97,G15AS2D05,126,Thoraco-Lumbar,IMP,Implant SKU,Spine,NSE,Endoscopy & NSE,2017-07-05,1,15,2040-12-31,,EA,1,,2298.88,6,0,13793.28,0.14,0,0,0,6,2040,15,
91209,5120026061,Dummy Value 65,Dummy Value 86,Dummy Value 72,G16DS2A03,303,Micro - NSE,MCS,Medsurg Consumable,Micro-Surgical (NSE),NSE,Endoscopy & NSE,2015-06-10,3,40,2019-09-01,,EA,1,,3583.31,1,0,3583.31,0.04,0,0,0,1,2019,40,
91209,250181107,Dummy Value 41,Dummy Value 69,Dummy Value 67,G11DS1C01,228,General Surgery,MCP,Medsurg Capital,General Surgery,Endoscopy,Endoscopy & NSE,2016-03-04,2,31,2040-12-31,,EA,1,,12147.84,48,0,583096.32,5.83,0,0,0,48,2040,31,
91210,9568,Dummy Value 10,Dummy Value 95,Dummy Value 25,F04CS1C05,343,MEDPOR,IMP,Implant SKU,CMF,NSE,Endoscopy & NSE,2017-11-27,1,11,2025-06-30,,EA,1,,35805.57,5,0,179027.86,1.79,0,0,0,5,2025,11,
91210,5400120000,Dummy Value 89,Dummy Value 47,Dummy Value 37,G13ES1F01,303,Micro - NSE,MCP,Medsurg Capital,Micro-Surgical (NSE),NSE,Endoscopy & NSE,2018-07-26,0,3,2099-12-31,,EA,1,,76405.14,1,0,76405.14,0.76,0,0,0,1,2099,3,
91210,1488010000I,Dummy Value 18,Dummy Value 96,Dummy Value 61,SALEBULK,229,Video,MCP,Medsurg Capital,Video,Endoscopy,Endoscopy & NSE,2018-10-26,0,0,2099-12-31,,EA,1,,146784.44,1,0,146784.44,1.47,0,0,0,1,2099,0,
91209,5305514,Dummy Value 43,Dummy Value 22,Dummy Value 99,G14BS1A04,338,Neuro,IMP,Implant SKU,CMF,NSE,Endoscopy & NSE,2017-09-22,1,13,2099-12-31,,EA,1,,572.64,8,0,4581.12,0.05,0,0,0,8,2099,13,
91210,5403003,Dummy Value 67,Dummy Value 92,Dummy Value 27,G14BS1D03,330,Cranio-Maxillofacial,IMP,Implant SKU,CMF,NSE,Endoscopy & NSE,2018-06-27,0,4,2099-12-31,,EA,1,,775.91,1,0,775.91,0.01,0,0,0,1,2099,4,
91209,5820070020,Dummy Value 51,Dummy Value 72,Dummy Value 54,G16DS1A06,303,Micro - NSE,MCS,Medsurg Consumable,NSE - Others,NSE,Endoscopy & NSE,2017-08-26,1,14,2019-06-01,,EA,1,,3548.69,9,0,31938.18,0.32,0,0,0,9,2019,14,
91210,502537010,Dummy Value 33,Dummy Value 70,Dummy Value 29,F13BS1A01,229,Video,MCP,Medsurg Capital,Video,Endoscopy,Endoscopy & NSE,2016-08-10,2,26,2040-12-31,,EA,1,,110764.05,1,0,110764.05,1.11,0,0,0,1,2040,26,
91210,482315550,Dummy Value 70,Dummy Value 96,Dummy Value 65,G15CS2G04,126,Thoraco-Lumbar,IMP,Implant SKU,Spine,NSE,Endoscopy & NSE,2018-05-05,0,5,2040-12-31,2018-04-17,EA,1,,2159.73,19,0,41034.87,0.41,0,0,0,19,2040,5,
91209,6730160007,Dummy Value 94,Dummy Value 85,Dummy Value 11,F16AS1C01,342,NSE Other (incl ENT&SilverGli),MCP,Medsurg Capital,NSE - Others,NSE,Endoscopy & NSE,2016-12-16,2,22,2040-12-31,,EA,1,,11763.12,6,0,70578.73,0.71,0,0,0,6,2040,22,
91210,0220220300I,Dummy Value 78,Dummy Value 56,Dummy Value 63,G01AS1A01,229,Video,MCP,Medsurg Capital,Video,Endoscopy,Endoscopy & NSE,2018-10-26,0,0,2099-12-31,,EA,1,,231046.2,1,0,231046.2,2.31,0,0,0,1,2099,0,
91209,250080361,Dummy Value 82,Dummy Value 40,Dummy Value 97,F02ES1C01,228,General Surgery,MCP,Medsurg Capital,General Surgery,Endoscopy,Endoscopy & NSE,2016-07-02,2,27,2040-12-31,,EA,1,,9007.66,7,0,63053.64,0.63,0,0,0,7,2040,27,
91210,250080235,Dummy Value 54,Dummy Value 29,Dummy Value 45,G19AS2C01,228,General Surgery,MCP,Medsurg Capital,General Surgery,Endoscopy,Endoscopy & NSE,2018-04-05,0,6,2099-12-31,,EA,1,,12521.05,3,0,37563.15,0.38,0,0,0,3,2099,6,
91210,5290645000,Dummy Value 72,Dummy Value 45,Dummy Value 76,F13DS1C01,342,NSE Other (incl ENT&SilverGli),MCS,Medsurg Consumable,NSE - Others,NSE,Endoscopy & NSE,2018-10-25,0,0,2021-09-10,,EA,5,,4643.3,5,0,23216.52,0.23,0,0,0,5,2021,0,
91210,250080558,Dummy Value 97,Dummy Value 88,Dummy Value 30,G17BS1D05,228,General Surgery,MCP,Medsurg Capital,General Surgery,Endoscopy,Endoscopy & NSE,2016-10-20,2,24,2040-12-31,,EA,1,,24027.06,1,0,24027.06,0.24,0,0,0,1,2040,24,
91210,6730190010,Dummy Value 95,Dummy Value 83,Dummy Value 21,F16CS1D01,342,NSE Other (incl ENT&SilverGli),MCP,Medsurg Capital,NSE - Others,NSE,Endoscopy & NSE,2016-12-16,2,22,2040-12-31,,EA,1,,12040.14,20,0,240802.85,2.41,0,0,0,20,2040,22,
91210,705115000,Dummy Value 59,Dummy Value 94,Dummy Value 87,G02AS1A01,315,Interventional Pain,MCS,Medsurg Consumable,Spine,NSE,Endoscopy & NSE,2018-07-05,0,3,2020-12-01,,EA,3,,32837.22,45,0,1477674.82,14.78,0,0,0,45,2020,3,
91210,233050100,Dummy Value 96,Dummy Value 43,Dummy Value 57,G03AS1B03,229,Video,MCP,Medsurg Capital,Video,Endoscopy,Endoscopy & NSE,2016-05-08,2,29,2040-12-31,,EA,1,,16568.02,3,0,49704.06,0.5,0,0,0,3,2040,29,
91210,250080231,Dummy Value 35,Dummy Value 15,Dummy Value 99,G11DS1B01,228,General Surgery,MCP,Medsurg Capital,General Surgery,Endoscopy,Endoscopy & NSE,2018-10-26,0,0,2099-12-31,,EA,1,,11826.57,4,0,47306.28,0.47,0,0,0,4,2099,0,
91210,0240031020I,Dummy Value 95,Dummy Value 89,Dummy Value 50,SALEBULK,229,Video,MCP,Medsurg Capital,Video,Endoscopy,Endoscopy & NSE,2018-10-26,0,0,2099-12-31,,EA,1,,113720.86,1,0,113720.86,1.14,0,0,0,1,2099,0,
91210,5820010150,Dummy Value 80,Dummy Value 83,Dummy Value 19,G16ES1E03,303,Micro - NSE,MCS,Medsurg Consumable,NSE - Others,NSE,Endoscopy & NSE,2018-04-12,0,6,2021-01-01,,EA,1,,1105.52,2,0,2211.04,0.02,0,0,0,2,2021,6,
91209,233050065,Dummy Value 39,Dummy Value 65,Dummy Value 48,G17CS1D06,229,Video,MCP,Medsurg Capital,Video,Endoscopy,Endoscopy & NSE,2018-07-18,0,3,2099-12-31,,EA,1,,4895.32,1,0,4895.32,0.05,0,0,0,1,2099,3,
91210,5020906,Dummy Value 86,Dummy Value 94,Dummy Value 72,G14AS1B02,330,Cranio-Maxillofacial,IMP,Implant SKU,CMF,NSE,Endoscopy & NSE,2018-10-26,0,0,2099-12-31,,EA,5,,962.52,5,0,4812.6,0.05,0,0,0,5,2099,0,
91210,3820440,Dummy Value 57,Dummy Value 73,Dummy Value 44,G15AS2D06,126,Thoraco-Lumbar,IMP,Implant SKU,Spine,NSE,Endoscopy & NSE,2012-07-10,6,75,2040-12-31,,EA,1,,2418.15,1,0,2418.15,0.02,0,0,0,1,2040,75,
91210,250080371,Dummy Value 23,Dummy Value 26,Dummy Value 83,F14CS1D01,228,General Surgery,MCP,Medsurg Capital,General Surgery,Endoscopy,Endoscopy & NSE,2016-05-07,2,29,2040-12-31,,EA,1,,2067.39,5,0,10336.95,0.1,0,0,0,5,2040,29,
91210,250080236,Dummy Value 37,Dummy Value 26,Dummy Value 82,F03FS1E01,228,General Surgery,MCP,Medsurg Capital,General Surgery,Endoscopy,Endoscopy & NSE,2016-10-04,2,24,2040-12-31,,EA,1,,13038.54,7,0,91269.78,0.91,0,0,0,7,2040,24,
91210,5450800306,Dummy Value 44,Dummy Value 55,Dummy Value 80,F15DS1B01,342,NSE Other (incl ENT&SilverGli),MCS,Medsurg Consumable,NSE - Others,NSE,Endoscopy & NSE,2018-07-28,0,3,2021-01-24,,EA,5,,21486.42,1,0,21486.42,0.21,0,0,0,1,2021,3,
91209,0220200000E,Dummy Value 43,Dummy Value 16,Dummy Value 62,SALEBULK,229,Video,MCP,Medsurg Capital,Video,Endoscopy,Endoscopy & NSE,2017-05-24,1,17,2099-12-31,,EA,1,B,112041.42,1,0,112041.42,1.12,0,0,0,0,2099,17,
91209,5023708,Dummy Value 49,Dummy Value 20,Dummy Value 30,F01AS1A01,330,Cranio-Maxillofacial,IMP,Implant SKU,CMF,NSE,Endoscopy & NSE,2017-02-28,1,20,2099-12-31,,EA,5,,1149.12,195,0,224078.4,2.24,0,0,0,195,2099,20,
91210,5400131000,Dummy Value 10,Dummy Value 59,Dummy Value 96,G13BS1F01,303,Micro - NSE,MCP,Medsurg Capital,Micro-Surgical (NSE),NSE,Endoscopy & NSE,2017-12-21,1,10,2099-12-31,,EA,1,,12576.87,3,0,37730.61,0.38,0,0,0,3,2099,10,
91210,5020704,Dummy Value 80,Dummy Value 68,Dummy Value 22,G14AS1A04,330,Cranio-Maxillofacial,IMP,Implant SKU,CMF,NSE,Endoscopy & NSE,2016-06-27,2,28,2040-12-31,,EA,5,,677.8,1,0,677.8,0.01,0,0,0,1,2040,28,
91210,2917205,Dummy Value 54,Dummy Value 97,Dummy Value 79,G14AS1E02,330,Cranio-Maxillofacial,INS,Instrument SKU,CMF,NSE,Endoscopy & NSE,2018-01-08,0,9,2099-12-31,,EA,1,,12617.24,1,0,12617.24,0.13,0,0,0,1,2099,9,
91209,5820107130,Dummy Value 19,Dummy Value 85,Dummy Value 88,G16AS2D02,303,Micro - NSE,MCS,Medsurg Consumable,NSE - Others,NSE,Endoscopy & NSE,2018-10-12,0,0,2023-07-01,,EA,1,,1381.26,19,0,26243.87,0.26,0,0,0,19,2023,0,
91210,3802500,Dummy Value 60,Dummy Value 79,Dummy Value 49,F05ES1C01,126,Thoraco-Lumbar,IMP,Implant SKU,Spine,NSE,Endoscopy & NSE,2018-05-17,0,5,2099-12-31,,EA,1,,2923.46,18,0,52622.28,0.53,0,0,0,18,2099,5,
91210,108518,Dummy Value 51,Dummy Value 45,Dummy Value 77,F16AS1A01,330,Cranio-Maxillofacial,INS,Instrument SKU,CMF,NSE,Endoscopy & NSE,2016-04-08,2,30,2040-12-31,,EA,1,,3494.61,1,0,3494.61,0.03,0,0,0,1,2040,30,
91210,5403002,Dummy Value 17,Dummy Value 86,Dummy Value 79,G14BS1D02,330,Cranio-Maxillofacial,IMP,Implant SKU,CMF,NSE,Endoscopy & NSE,2018-10-26,0,0,2099-12-31,,EA,1,,865.69,12,0,10388.28,0.1,0,0,0,12,2099,0,
91210,250080290,Dummy Value 66,Dummy Value 59,Dummy Value 66,G12BS1D04,228,General Surgery,MCP,Medsurg Capital,General Surgery,Endoscopy,Endoscopy & NSE,2016-05-07,2,29,2040-12-31,,EA,1,,7540.46,3,0,22621.38,0.23,0,0,0,3,2040,29,
91209,5528920,Dummy Value 13,Dummy Value 20,Dummy Value 89,G14BS2G04,330,Cranio-Maxillofacial,IMP,Implant SKU,CMF,NSE,Endoscopy & NSE,2016-07-22,2,27,2040-12-31,,EA,1,,3070.31,1,0,3070.31,0.03,0,0,0,1,2040,27,
91210,486613602,Dummy Value 82,Dummy Value 79,Dummy Value 78,G15ES2A02,126,Thoraco-Lumbar,IMP,Implant SKU,Spine,NSE,Endoscopy & NSE,2016-11-10,2,23,2040-12-31,2016-11-03,EA,1,,17976.16,1,0,17976.16,0.18,0,0,0,1,2040,23,
91210,250080323,Dummy Value 92,Dummy Value 51,Dummy Value 69,G12BS1E04,228,General Surgery,MCP,Medsurg Capital,General Surgery,Endoscopy,Endoscopy & NSE,2016-05-07,2,29,2040-12-31,,EA,1,,7367.98,1,0,7367.98,0.07,0,0,0,1,2040,29,
91210,103240,Dummy Value 24,Dummy Value 36,Dummy Value 28,G14BS1A01,330,Cranio-Maxillofacial,INS,Instrument SKU,CMF,NSE,Endoscopy & NSE,2017-08-25,1,14,2099-12-31,,EA,1,,9343.01,1,0,9343.01,0.09,0,0,0,1,2099,14,
91210,6000012000,Dummy Value 35,Dummy Value 82,Dummy Value 40,F14CS1E01,327,Navigation,MCP,Medsurg Capital,Navigation (Neuro),NSE,Endoscopy & NSE,2018-09-21,0,1,2099-12-31,,EA,1,,94844.72,1,0,94844.72,0.95,0,0,0,1,2099,1,
91210,5506750,Dummy Value 88,Dummy Value 88,Dummy Value 76,G14BS2B01,330,Cranio-Maxillofacial,IMP,Implant SKU,CMF,NSE,Endoscopy & NSE,2018-07-23,0,3,2099-12-31,,EA,1,,743.85,20,0,14877,0.15,0,0,0,20,2099,3,
91210,504880800,Dummy Value 43,Dummy Value 81,Dummy Value 86,F15AS1B01,228,General Surgery,MCS,Medsurg Consumable,General Surgery,Endoscopy,Endoscopy & NSE,2017-10-05,1,12,2022-05-19,,EA,6,,17131.68,1,0,17131.68,0.17,0,0,0,1,2022,12,
91210,5120012030,Dummy Value 30,Dummy Value 91,Dummy Value 43,G16CS2H01,303,Micro - NSE,MCS,Medsurg Consumable,Micro-Surgical (NSE),NSE,Endoscopy & NSE,2015-11-23,3,35,2020-10-01,,EA,1,,875.95,32,0,28030.4,0.28,0,0,0,32,2020,35,
91210,502859010,Dummy Value 63,Dummy Value 32,Dummy Value 23,G19AS2F01,229,Video,MCP,Medsurg Capital,Video,Endoscopy,Endoscopy & NSE,2016-06-24,2,28,2040-12-31,,EA,1,,57520.13,1,1,57520.13,0.58,0,0,0,0,2040,28,
91210,5300466,Dummy Value 25,Dummy Value 23,Dummy Value 18,G14ES2A02,338,Neuro,IMP,Implant SKU,CMF,NSE,Endoscopy & NSE,2016-08-20,2,26,2040-12-31,,EA,1,,1349.83,35,0,47244.05,0.47,0,0,0,35,2040,26,
91210,5407FA200R,Dummy Value 97,Dummy Value 94,Dummy Value 72,G13ES1E03,303,Micro - NSE,MCP,Medsurg Capital,Micro-Surgical (NSE),NSE,Endoscopy & NSE,2018-09-06,0,1,2099-12-31,,EA,1,,32074.13,1,0,32074.13,0.32,0,0,0,1,2099,1,
91210,0240060100I,Dummy Value 60,Dummy Value 99,Dummy Value 59,G01BS1A01,229,Video,MCP,Medsurg Capital,Video,Endoscopy,Endoscopy & NSE,2018-10-04,0,0,2099-12-31,,EA,1,,313121.93,1,0,313121.93,3.13,0,0,0,1,2099,0,
91210,240030922,Dummy Value 87,Dummy Value 93,Dummy Value 11,SALEBULK,229,Video,MCP,Medsurg Capital,Video,Endoscopy,Endoscopy & NSE,2017-10-28,1,12,2099-12-31,,EA,1,,8227.9,91,5,748738.98,7.49,0,0,0,86,2099,12,
91210,482366530,Dummy Value 67,Dummy Value 93,Dummy Value 87,G15AS1B01,126,Thoraco-Lumbar,IMP,Implant SKU,Spine,NSE,Endoscopy & NSE,2018-10-05,0,0,2099-12-31,2018-08-06,EA,1,,6898.57,2,0,13797.14,0.14,0,0,0,2,2099,0,
91210,3820540,Dummy Value 14,Dummy Value 30,Dummy Value 17,F13BS1D01,126,Thoraco-Lumbar,IMP,Implant SKU,Spine,NSE,Endoscopy & NSE,2018-05-17,0,5,2099-12-31,2018-03-20,EA,1,,2225.78,120,0,267093.6,2.67,0,0,0,120,2099,5,
91210,1188020122,Dummy Value 37,Dummy Value 28,Dummy Value 11,G03ES1B01,229,Video,MCP,Medsurg Capital,Video,Endoscopy,Endoscopy & NSE,2018-07-28,0,3,2099-12-31,,EA,1,,13762.54,1,0,13762.54,0.14,0,0,0,1,2099,3,
91210,6741205,Dummy Value 40,Dummy Value 80,Dummy Value 46,G15AS1E06,127,Interbody Devices,IMP,Implant SKU,Spine,NSE,Endoscopy & NSE,2017-11-10,1,11,2040-12-31,,EA,1,,5888.6,1,0,5888.6,0.06,0,0,0,1,2040,11,
91209,5020406,Dummy Value 71,Dummy Value 31,Dummy Value 50,G14DS1D06,330,Cranio-Maxillofacial,IMP,Implant SKU,CMF,NSE,Endoscopy & NSE,2018-04-05,0,6,2099-12-31,,EA,5,,306.52,2,0,613.04,0.01,0,0,0,2,2099,6,
91210,6730145010,Dummy Value 79,Dummy Value 99,Dummy Value 21,G21AS1B01,342,NSE Other (incl ENT&SilverGli),MCP,Medsurg Capital,NSE - Others,NSE,Endoscopy & NSE,2016-07-16,2,27,2040-12-31,,EA,1,,10596.04,1,0,10596.04,0.11,0,0,0,1,2040,27,
91210,250080315,Dummy Value 40,Dummy Value 32,Dummy Value 86,G17AS1A05,228,General Surgery,MCP,Medsurg Capital,General Surgery,Endoscopy,Endoscopy & NSE,2018-10-26,0,0,2099-12-31,,EA,1,,7540.46,2,0,15080.92,0.15,0,0,0,2,2099,0,
91210,5130012040,Dummy Value 64,Dummy Value 71,Dummy Value 41,G16CS1F03,303,Micro - NSE,MCS,Medsurg Consumable,Micro-Surgical (NSE),NSE,Endoscopy & NSE,2017-12-16,1,10,2022-10-01,,EA,1,,1118.34,2,0,2236.69,0.02,0,0,0,2,2022,10,
91210,5290760100,Dummy Value 20,Dummy Value 88,Dummy Value 66,G23CS1F01,342,NSE Other (incl ENT&SilverGli),MCS,Medsurg Consumable,NSE - Others,NSE,Endoscopy & NSE,2017-06-24,1,16,2019-12-20,,EA,5,,18139.09,3,0,54417.26,0.54,0,0,0,3,2019,16,
91210,5020708,Dummy Value 16,Dummy Value 41,Dummy Value 34,F01BS2A01,330,Cranio-Maxillofacial,IMP,Implant SKU,CMF,NSE,Endoscopy & NSE,2017-03-08,1,19,2099-12-31,,EA,5,,749.62,50,0,37481,0.37,0,0,0,50,2099,19,
91210,250080154,Dummy Value 58,Dummy Value 93,Dummy Value 26,F15DS1A01,228,General Surgery,MCP,Medsurg Capital,General Surgery,Endoscopy,Endoscopy & NSE,2016-03-17,2,31,2040-12-31,,EA,1,,2472.67,2,0,4945.33,0.05,0,0,0,2,2040,31,
91210,250282046,Dummy Value 12,Dummy Value 33,Dummy Value 17,G12DS1C05,228,General Surgery,MCP,Medsurg Capital,General Surgery,Endoscopy,Endoscopy & NSE,2016-05-07,2,29,2040-12-31,,EA,1,,9980.42,9,0,89823.78,0.9,0,0,0,9,2040,29,
91210,482314045,Dummy Value 59,Dummy Value 35,Dummy Value 56,G15CS2B06,126,Thoraco-Lumbar,IMP,Implant SKU,Spine,NSE,Endoscopy & NSE,2018-01-27,0,9,2040-12-31,2017-08-29,EA,1,,2198.85,7,0,15391.95,0.15,0,0,0,7,2040,9,
91210,5120100013,Dummy Value 10,Dummy Value 71,Dummy Value 75,G16AS2B02,303,Micro - NSE,MCS,Medsurg Consumable,Micro-Surgical (NSE),NSE,Endoscopy & NSE,2017-12-16,1,10,2022-10-01,,EA,1,,1303.66,11,0,14340.31,0.14,0,0,0,11,2022,10,
91210,6730190015,Dummy Value 74,Dummy Value 75,Dummy Value 58,F16CS1E01,342,NSE Other (incl ENT&SilverGli),MCP,Medsurg Capital,NSE - Others,NSE,Endoscopy & NSE,2016-12-16,2,22,2040-12-31,,EA,1,,10815.35,20,0,216307.03,2.16,0,0,0,20,2040,22,
91210,6016007,Dummy Value 32,Dummy Value 43,Dummy Value 48,G14BS1D05,330,Cranio-Maxillofacial,IMP,Implant SKU,CMF,NSE,Endoscopy & NSE,2014-07-29,4,51,2040-12-31,,EA,1,,816.31,8,0,6530.48,0.07,0,0,0,8,2040,51,
91210,48651357,Dummy Value 69,Dummy Value 99,Dummy Value 100,G15AS1D05,125,Cervical,IMP,Implant SKU,Spine,NSE,Endoscopy & NSE,2017-01-29,1,21,2040-12-31,2017-01-18,EA,1,,15965.2,1,0,15965.2,0.16,0,0,0,1,2040,21,
91210,6002014000,Dummy Value 100,Dummy Value 13,Dummy Value 62,G17DS1A01,327,Navigation,MCP,Medsurg Capital,Navigation (Neuro),NSE,Endoscopy & NSE,2017-04-05,1,18,2099-12-31,,EA,1,,52747.3,1,0,52747.3,0.53,0,0,0,1,2099,18,
91210,Z0556N1,Dummy Value 90,Dummy Value 30,Dummy Value 68,G14ES2C03,228,General Surgery,MCP,Medsurg Capital,General Surgery,Endoscopy,Endoscopy & NSE,2018-10-26,0,0,2099-12-31,,EA,1,,577.13,2,0,1154.25,0.01,0,0,0,2,2099,0,
91209,250282103,Dummy Value 62,Dummy Value 84,Dummy Value 71,F05ES1F01,228,General Surgery,MCS,Medsurg Consumable,General Surgery,Endoscopy,Endoscopy & NSE,2014-02-13,4,56,2040-12-31,,EA,1,,11305.24,1,0,11305.24,0.11,0,0,0,1,2040,56,
91210,2913015,Dummy Value 84,Dummy Value 64,Dummy Value 97,G15CS2J01,330,Cranio-Maxillofacial,INS,Instrument SKU,CMF,NSE,Endoscopy & NSE,2018-01-23,0,9,2099-12-31,,EA,1,,11951.62,1,0,11951.62,0.12,0,0,0,1,2099,9,
91210,240095200,Dummy Value 28,Dummy Value 97,Dummy Value 93,G19ES1B01,229,Video,MCP,Medsurg Capital,Video,Endoscopy,Endoscopy & NSE,2016-05-08,2,29,2040-12-31,,EA,1,,42461.77,1,0,42461.77,0.42,0,0,0,1,2040,29,
91210,6016005,Dummy Value 67,Dummy Value 42,Dummy Value 49,G14CS2A05,330,Cranio-Maxillofacial,IMP,Implant SKU,CMF,NSE,Endoscopy & NSE,2017-06-13,1,16,2099-12-31,,EA,1,,807.98,7,0,5655.86,0.06,0,0,0,7,2099,16,
91210,250080241,Dummy Value 61,Dummy Value 69,Dummy Value 61,F14AS1B01,228,General Surgery,MCP,Medsurg Capital,General Surgery,Endoscopy,Endoscopy & NSE,2016-08-09,2,26,2040-12-31,,EA,1,,7909.82,1,0,7909.82,0.08,0,0,0,1,2040,26,
91210,220185300,Dummy Value 54,Dummy Value 79,Dummy Value 24,F16BS1D01,229,Video,MCS,Medsurg Consumable,Video,Endoscopy,Endoscopy & NSE,2010-10-20,8,96,2040-12-31,,EA,1,,18537.95,1,0,18537.95,0.19,0,0,0,1,2040,96,
91210,5820017050,Dummy Value 10,Dummy Value 63,Dummy Value 76,G16AS2D04,303,Micro - NSE,MCS,Medsurg Consumable,NSE - Others,NSE,Endoscopy & NSE,2017-12-27,1,10,2020-09-01,,EA,1,,1508.87,4,0,6035.46,0.06,0,0,0,4,2020,10,
91210,E1034,Dummy Value 61,Dummy Value 94,Dummy Value 39,G16AS2F05,330,Cranio-Maxillofacial,IMP,Implant SKU,CMF,NSE,Endoscopy & NSE,2018-09-04,0,1,2023-04-01,,EA,1,,761.16,28,0,21312.48,0.21,0,0,0,28,2023,1,
91210,3820530,Dummy Value 73,Dummy Value 36,Dummy Value 71,G15AS2E02,126,Thoraco-Lumbar,IMP,Implant SKU,Spine,NSE,Endoscopy & NSE,2017-07-05,1,15,2040-12-31,,EA,1,,2231.55,1,0,2231.55,0.02,0,0,0,1,2040,15,
91210,5014003,Dummy Value 10,Dummy Value 68,Dummy Value 43,G14DS1C01,330,Cranio-Maxillofacial,IMP,Implant SKU,CMF,NSE,Endoscopy & NSE,2016-05-04,2,29,2040-12-31,,EA,5,,729.74,2,0,1459.48,0.01,0,0,0,2,2040,29,
91210,5400261,Dummy Value 31,Dummy Value 76,Dummy Value 86,G14BS1A06,338,Neuro,IMP,Implant SKU,CMF,NSE,Endoscopy & NSE,2016-08-20,2,26,2040-12-31,,EA,1,,2564.36,1,0,2564.36,0.03,0,0,0,1,2040,26,
91210,101305,Dummy Value 62,Dummy Value 32,Dummy Value 42,G14AS1D03,330,Cranio-Maxillofacial,INS,Instrument SKU,CMF,NSE,Endoscopy & NSE,2017-09-15,1,13,2099-12-31,,EA,1,,7687.31,1,0,7687.31,0.08,0,0,0,1,2099,13,
91210,482315045,Dummy Value 53,Dummy Value 52,Dummy Value 55,G15DS2A01,126,Thoraco-Lumbar,IMP,Implant SKU,Spine,NSE,Endoscopy & NSE,2018-05-05,0,5,2040-12-31,2018-04-09,EA,1,,2574.62,29,0,74663.98,0.75,0,0,0,29,2040,5,
91210,8450012040DC,Dummy Value 73,Dummy Value 51,Dummy Value 41,G16CS1F03,303,Micro - NSE,MCS,Medsurg Consumable,Micro-Surgical (NSE),NSE,Endoscopy & NSE,2016-08-27,2,26,2040-12-31,,EA,1,,3929.59,3,0,11788.77,0.12,0,0,0,3,2040,26,
91209,250080133,Dummy Value 39,Dummy Value 99,Dummy Value 100,G12AS1F01,228,General Surgery,MCP,Medsurg Capital,General Surgery,Endoscopy,Endoscopy & NSE,2016-08-30,2,26,2040-12-31,,EA,1,,4307.29,2,0,8614.58,0.09,0,0,0,2,2040,26,
91210,5506375,Dummy Value 99,Dummy Value 71,Dummy Value 54,G14DS1G03,330,Cranio-Maxillofacial,IMP,Implant SKU,CMF,NSE,Endoscopy & NSE,2016-01-28,2,33,2040-12-31,,EA,1,,1043.31,1,0,1043.31,0.01,0,0,0,1,2040,33,
91210,5100120482,Dummy Value 56,Dummy Value 37,Dummy Value 25,F12BS1A01,303,Micro - NSE,MCP,Medsurg Capital,Micro-Surgical (NSE),NSE,Endoscopy & NSE,2018-01-17,0,9,2099-12-31,,EA,1,,31162.27,1,0,31162.27,0.31,0,0,0,1,2099,9,
91210,5020514,Dummy Value 26,Dummy Value 78,Dummy Value 72,G14DS1E03,330,Cranio-Maxillofacial,IMP,Implant SKU,CMF,NSE,Endoscopy & NSE,2017-09-15,1,13,2099-12-31,,EA,5,,1213.89,3,0,3641.67,0.04,0,0,0,3,2099,13,
91210,6314,Dummy Value 82,Dummy Value 96,Dummy Value 57,F04CS1A04,343,MEDPOR,IMP,Implant SKU,CMF,NSE,Endoscopy & NSE,2018-05-02,0,5,2027-01-31,,EA,1,,3567.92,3,0,10703.77,0.11,0,0,0,3,2027,5,
91210,6001200010,Dummy Value 92,Dummy Value 20,Dummy Value 15,F14CS1B01,327,Navigation,IMP,Implant SKU,Navigation (Neuro),NSE,Endoscopy & NSE,2017-12-09,1,10,2099-12-31,,EA,1,,24242.46,4,0,96969.84,0.97,0,0,0,4,2099,10,
91210,5130010040,Dummy Value 24,Dummy Value 99,Dummy Value 93,G16CS1D06,303,Micro - NSE,MCS,Medsurg Consumable,Micro-Surgical (NSE),NSE,Endoscopy & NSE,2018-10-25,0,0,2023-05-01,,EA,1,,714.35,2,0,1428.71,0.01,0,0,0,2,2023,0,
91210,5820010015,Dummy Value 53,Dummy Value 85,Dummy Value 22,G16BS2B05,303,Micro - NSE,MCS,Medsurg Consumable,NSE - Others,NSE,Endoscopy & NSE,2018-04-12,0,6,2021-01-01,,EA,1,,835.55,1,0,835.55,0.01,0,0,0,1,2021,6,
91209,1588210122I,Dummy Value 62,Dummy Value 23,Dummy Value 86,G11BS2B01,229,Video,MCP,Medsurg Capital,Video,Endoscopy,Endoscopy & NSE,2018-10-26,0,0,2099-12-31,,EA,1,,170634.52,1,0,170634.52,1.71,0,0,0,1,2099,0,
91210,482365530,Dummy Value 83,Dummy Value 73,Dummy Value 94,G15ES1B03,126,Thoraco-Lumbar,IMP,Implant SKU,Spine,NSE,Endoscopy & NSE,2018-08-02,0,2,2099-12-31,2017-12-19,EA,1,,6769.68,1,0,6769.68,0.07,0,0,0,1,2099,2,
91210,8470012040DC,Dummy Value 39,Dummy Value 74,Dummy Value 41,G16DS1C02,303,Micro - NSE,MCS,Medsurg Consumable,Micro-Surgical (NSE),NSE,Endoscopy & NSE,2016-08-27,2,26,2040-12-31,,EA,1,,4037.96,1,0,4037.96,0.04,0,0,0,1,2040,26,
91210,5508260,Dummy Value 35,Dummy Value 63,Dummy Value 90,G14BS2E04,330,Cranio-Maxillofacial,IMP,Implant SKU,CMF,NSE,Endoscopy & NSE,2016-06-27,2,28,2040-12-31,,EA,1,,486.07,6,0,2916.42,0.03,0,0,0,6,2040,28,
91210,502555400,Dummy Value 59,Dummy Value 67,Dummy Value 57,F13AS1E01,228,General Surgery,MCP,Medsurg Capital,General Surgery,Endoscopy,Endoscopy & NSE,2017-04-07,1,18,2099-12-31,,EA,1,,13439.96,2,0,26879.92,0.27,0,0,0,2,2099,18,
91210,502539030,Dummy Value 90,Dummy Value 77,Dummy Value 40,G19AS1D01,229,Video,MCP,Medsurg Capital,Video,Endoscopy,Endoscopy & NSE,2016-08-12,2,26,2040-12-31,,EA,1,,74508.12,1,0,74508.12,0.75,0,0,0,1,2040,26,
91210,0240099110K,Dummy Value 95,Dummy Value 11,Dummy Value 52,G19DS2C01,229,Video,MCP,Medsurg Capital,Video,Endoscopy,Endoscopy & NSE,2018-09-21,0,1,2099-12-31,,EA,1,,38498.19,1,0,38498.19,0.38,0,0,0,1,2099,1,
91210,3802190,Dummy Value 91,Dummy Value 84,Dummy Value 82,G15DS2E06,126,Thoraco-Lumbar,IMP,Implant SKU,Spine,NSE,Endoscopy & NSE,2017-10-09,1,12,2040-12-31,,EA,1,,940.71,2,0,1881.42,0.02,0,0,0,2,2040,12,
91210,9516,Dummy Value 69,Dummy Value 14,Dummy Value 88,F04DS1B09,343,MEDPOR,IMP,Implant SKU,CMF,NSE,Endoscopy & NSE,2018-05-02,0,5,2027-02-28,,EA,1,,4591.36,1,0,4591.36,0.05,0,0,0,1,2027,5,
91210,502777200,Dummy Value 95,Dummy Value 91,Dummy Value 98,F05DS1F01,228,General Surgery,MCP,Medsurg Capital,General Surgery,Endoscopy,Endoscopy & NSE,2016-01-25,2,33,2040-12-31,,EA,1,,13352.11,3,0,40056.33,0.4,0,0,0,3,2040,33,
91210,5515526,Dummy Value 35,Dummy Value 84,Dummy Value 84,G14CS1F03,330,Cranio-Maxillofacial,IMP,Implant SKU,CMF,NSE,Endoscopy & NSE,2017-12-14,1,10,2099-12-31,,EA,1,,1233.77,2,0,2467.54,0.02,0,0,0,2,2099,10,
91209,8450107530,Dummy Value 44,Dummy Value 31,Dummy Value 55,G16CS2G04,303,Micro - NSE,MCS,Medsurg Consumable,Micro-Surgical (NSE),NSE,Endoscopy & NSE,2016-08-27,2,26,2040-12-31,,EA,1,,2205.91,1,0,2205.91,0.02,0,0,0,1,2040,26,
91210,5506766,Dummy Value 79,Dummy Value 43,Dummy Value 68,G14BS1E02,330,Cranio-Maxillofacial,IMP,Implant SKU,CMF,NSE,Endoscopy & NSE,2018-09-27,0,1,2099-12-31,,EA,1,,457.21,5,0,2286.05,0.02,0,0,0,5,2099,1,
91210,504880314,Dummy Value 18,Dummy Value 94,Dummy Value 44,F05CS1C01,228,General Surgery,MCS,Medsurg Consumable,General Surgery,Endoscopy,Endoscopy & NSE,2017-09-07,1,13,2022-07-06,,EA,6,,14731.48,3,0,44194.43,0.44,0,0,0,3,2022,13,
91210,48651460,Dummy Value 37,Dummy Value 76,Dummy Value 21,G15AS1E01,125,Cervical,IMP,Implant SKU,Spine,NSE,Endoscopy & NSE,2011-05-28,7,89,2040-12-31,,EA,1,,18178.16,4,0,72712.64,0.73,0,0,0,4,2040,89,
91210,5306212,Dummy Value 31,Dummy Value 86,Dummy Value 49,G14CS1H01,338,Neuro,IMP,Implant SKU,CMF,NSE,Endoscopy & NSE,2018-10-22,0,0,2099-12-31,,EA,1,,196.86,115,0,22638.9,0.23,0,0,0,115,2099,0,
91210,5400348,Dummy Value 26,Dummy Value 72,Dummy Value 40,G14ES2E01,338,Neuro,IMP,Implant SKU,CMF,NSE,Endoscopy & NSE,2015-12-14,3,34,2040-12-31,,EA,1,,3996.91,1,0,3996.91,0.04,0,0,0,1,2040,34,
91210,5400260,Dummy Value 24,Dummy Value 25,Dummy Value 28,G14BS1A05,338,Neuro,IMP,Implant SKU,CMF,NSE,Endoscopy & NSE,2016-07-25,2,27,2040-12-31,,EA,1,,2045.59,2,0,4091.18,0.04,0,0,0,2,2040,27,
91210,5100010270,Dummy Value 43,Dummy Value 22,Dummy Value 43,G14DS2F03,303,Micro - NSE,MCP,Medsurg Capital,Micro-Surgical (NSE),NSE,Endoscopy & NSE,2018-04-05,0,6,2099-12-31,,EA,1,,384.75,2,0,769.5,0.01,0,0,0,2,2099,6,
91210,9212170,Dummy Value 40,Dummy Value 54,Dummy Value 57,G14AS2F04,330,Cranio-Maxillofacial,INS,Instrument SKU,CMF,NSE,Endoscopy & NSE,2017-08-16,1,14,2099-12-31,,EA,1,,8409.99,1,0,8409.99,0.08,0,0,0,1,2099,14,
91209,6020012,Dummy Value 79,Dummy Value 48,Dummy Value 78,G14BS1D03,330,Cranio-Maxillofacial,IMP,Implant SKU,CMF,NSE,Endoscopy & NSE,2016-04-28,2,30,2040-12-31,,EA,1,,1110.65,2,0,2221.3,0.02,0,0,0,2,2040,30,
91210,502937030,Dummy Value 35,Dummy Value 87,Dummy Value 95,G19CS2C01,229,Video,MCP,Medsurg Capital,Video,Endoscopy,Endoscopy & NSE,2018-10-26,0,0,2099-12-31,,EA,1,,110764.05,1,0,110764.05,1.11,0,0,0,1,2099,0,
91209,6002620000,Dummy Value 93,Dummy Value 16,Dummy Value 13,F16BS1F01,327,Navigation,NAV,Navigation Console,Navigation (Neuro),NSE,Endoscopy & NSE,2016-04-12,2,30,2040-12-31,,EA,1,,459534.41,1,0,459534.41,4.6,0,0,0,1,2040,30,
91210,6015484,Dummy Value 79,Dummy Value 89,Dummy Value 45,F16AS1A01,330,Cranio-Maxillofacial,IMP,Implant SKU,CMF,NSE,Endoscopy & NSE,2013-06-05,5,64,2040-12-31,,EA,1,,1263.9,5,0,6319.5,0.06,0,0,0,5,2040,64,
91210,502880209,Dummy Value 78,Dummy Value 28,Dummy Value 24,F05BS1F02,228,General Surgery,MCP,Medsurg Capital,General Surgery,Endoscopy,Endoscopy & NSE,2014-09-18,4,49,2040-12-31,,EA,1,,1803.84,1,0,1803.84,0.02,0,0,0,1,2040,49,
91210,5305520,Dummy Value 29,Dummy Value 94,Dummy Value 25,G14AS1J01,338,Neuro,IMP,Implant SKU,CMF,NSE,Endoscopy & NSE,2014-12-17,4,46,2040-12-31,,EA,1,,616.24,22,0,13557.28,0.14,0,0,0,22,2040,46,
91210,3805002,Dummy Value 73,Dummy Value 99,Dummy Value 77,F16AS1C01,126,Thoraco-Lumbar,IMP,Implant SKU,Spine,NSE,Endoscopy & NSE,2014-07-09,4,51,2040-12-31,,EA,1,,4800.4,18,0,86407.2,0.86,0,0,0,18,2040,51,
91210,48230000,Dummy Value 95,Dummy Value 58,Dummy Value 21,F02CS1F01,126,Thoraco-Lumbar,IMP,Implant SKU,Spine,NSE,Endoscopy & NSE,2016-10-08,2,24,2040-12-31,2016-08-25,EA,1,,386.03,196,0,75661.88,0.76,0,0,0,196,2040,24,
91210,3756230,Dummy Value 29,Dummy Value 56,Dummy Value 85,F12AS1D01,126,Thoraco-Lumbar,IMP,Implant SKU,Spine,NSE,Endoscopy & NSE,2018-05-17,0,5,2099-12-31,2018-04-21,EA,1,,382.19,200,0,76438,0.76,0,0,0,200,2099,5,
91210,250282051,Dummy Value 10,Dummy Value 86,Dummy Value 22,G12CS1C02,228,General Surgery,MCP,Medsurg Capital,General Surgery,Endoscopy,Endoscopy & NSE,2016-05-07,2,29,2040-12-31,,EA,1,,10765.98,1,0,10765.98,0.11,0,0,0,1,2040,29,
91210,6002020000,Dummy Value 33,Dummy Value 75,Dummy Value 91,F05BS1D06,327,Navigation,MCP,Medsurg Capital,Navigation (Neuro),NSE,Endoscopy & NSE,2016-10-28,2,24,2040-12-31,,EA,1,,61456.76,2,0,122913.52,1.23,0,0,0,2,2040,24,
91209,N110A,Dummy Value 11,Dummy Value 65,Dummy Value 39,G14DS1D02,330,Cranio-Maxillofacial,IMP,Implant SKU,CMF,NSE,Endoscopy & NSE,2017-12-22,1,10,2022-09-01,,EA,1,,502.1,21,0,10544.1,0.11,0,0,0,21,2022,10,
91210,502000004,Dummy Value 39,Dummy Value 62,Dummy Value 46,G20BS1A01,228,General Surgery,MCS,Medsurg Consumable,General Surgery,Endoscopy,Endoscopy & NSE,2017-07-02,1,15,2099-12-31,2017-06-12,EA,1,,180672.67,1,0,180672.67,1.81,0,0,0,1,2099,15,
91210,5407120050,Dummy Value 29,Dummy Value 92,Dummy Value 69,G13BS1C01,303,Micro - NSE,MCP,Medsurg Capital,Micro-Surgical (NSE),NSE,Endoscopy & NSE,2017-12-21,1,10,2099-12-31,,EA,1,,26364.42,1,0,26364.42,0.26,0,0,0,1,2099,10,
91210,250080590,Dummy Value 41,Dummy Value 10,Dummy Value 59,G17AS1G01,228,General Surgery,MCP,Medsurg Capital,General Surgery,Endoscopy,Endoscopy & NSE,2016-06-09,2,28,2040-12-31,,EA,1,,11614.35,1,0,11614.35,0.12,0,0,0,1,2040,28,
91210,502103045,Dummy Value 87,Dummy Value 57,Dummy Value 66,F05CS1D03,229,Video,MCP,Medsurg Capital,Video,Endoscopy,Endoscopy & NSE,2015-05-21,3,41,2040-12-31,,EA,1,,65512.67,1,0,65512.67,0.66,0,0,0,1,2040,41,
91210,250080180,Dummy Value 13,Dummy Value 91,Dummy Value 19,G23AS1D01,228,General Surgery,MCP,Medsurg Capital,General Surgery,Endoscopy,Endoscopy & NSE,2016-05-07,2,29,2040-12-31,,EA,1,B,4383.6,4,0,17534.39,0.18,0,0,0,0,2040,29,
91210,5450852000,Dummy Value 89,Dummy Value 20,Dummy Value 85,G01DS1A01,342,NSE Other (incl ENT&SilverGli),MCP,Medsurg Capital,NSE - Others,NSE,Endoscopy & NSE,2018-10-26,0,0,2099-12-31,,EA,1,,332217.77,1,0,332217.77,3.32,0,0,0,1,2099,0,
91210,5528925,Dummy Value 87,Dummy Value 72,Dummy Value 13,G14DS2C04,330,Cranio-Maxillofacial,IMP,Implant SKU,CMF,NSE,Endoscopy & NSE,2016-06-28,2,28,2040-12-31,,EA,1,,3500.58,16,0,56009.28,0.56,0,0,0,16,2040,28,
91209,6730220507,Dummy Value 13,Dummy Value 64,Dummy Value 89,F12DS1B01,342,NSE Other (incl ENT&SilverGli),MCP,Medsurg Capital,NSE - Others,NSE,Endoscopy & NSE,2016-12-16,2,22,2040-12-31,,EA,1,,14013.92,8,0,112111.32,1.12,0,0,0,8,2040,22,
91210,5400210258,Dummy Value 66,Dummy Value 76,Dummy Value 39,G13AS1D02,303,Micro - NSE,MCP,Medsurg Capital,Micro-Surgical (NSE),NSE,Endoscopy & NSE,2018-10-26,0,0,2099-12-31,,EA,1,,33404.73,1,0,33404.73,0.33,0,0,0,1,2099,0,
91209,8470013040DX,Dummy Value 50,Dummy Value 82,Dummy Value 63,G16DS1C02,303,Micro - NSE,MCS,Medsurg Consumable,Micro-Surgical (NSE),NSE,Endoscopy & NSE,2016-08-27,2,26,2040-12-31,,EA,1,,4224.57,2,0,8449.13,0.08,0,0,0,2,2040,26,
91209,5320430,Dummy Value 56,Dummy Value 43,Dummy Value 61,G14DS2D04,330,Cranio-Maxillofacial,IMP,Implant SKU,CMF,NSE,Endoscopy & NSE,2017-09-22,1,13,2099-12-31,,EA,5,,2153.32,5,0,10766.6,0.11,0,0,0,5,2099,13,
91210,3802490,Dummy Value 16,Dummy Value 27,Dummy Value 63,G15ES2D01,126,Thoraco-Lumbar,IMP,Implant SKU,Spine,NSE,Endoscopy & NSE,2017-10-09,1,12,2040-12-31,,EA,1,,3278.28,5,0,16391.42,0.16,0,0,0,5,2040,12,
91210,250080316,Dummy Value 33,Dummy Value 11,Dummy Value 36,F05CS1E03,228,General Surgery,MCP,Medsurg Capital,General Surgery,Endoscopy,Endoscopy & NSE,2016-07-30,2,27,2040-12-31,,EA,1,,7540.46,6,0,45242.76,0.45,0,0,0,6,2040,27,
91210,3820655,Dummy Value 100,Dummy Value 17,Dummy Value 27,G15CS2D03,126,Thoraco-Lumbar,IMP,Implant SKU,Spine,NSE,Endoscopy & NSE,2014-12-05,4,46,2040-12-31,,EA,1,,2312.35,5,0,11561.75,0.12,0,0,0,5,2040,46,
91210,48385090,Dummy Value 48,Dummy Value 64,Dummy Value 15,G15BS2B05,127,Interbody Devices,IMP,Implant SKU,Spine,NSE,Endoscopy & NSE,2018-04-07,0,6,2040-12-31,,EA,1,,5285.18,1,0,5285.18,0.05,0,0,0,1,2040,6,
91210,1288010000I,Dummy Value 15,Dummy Value 55,Dummy Value 46,G02CS1A01,229,Video,MCP,Medsurg Capital,Video,Endoscopy,Endoscopy & NSE,2017-06-01,1,16,2040-12-31,,EA,1,B,149198.11,1,0,149198.11,1.49,0,0,0,0,2040,16,
91210,48761020,Dummy Value 31,Dummy Value 95,Dummy Value 89,G15CS2E04,327,Navigation,MCP,Medsurg Capital,Navigation (Neuro),NSE,Endoscopy & NSE,2018-10-08,0,0,2040-12-31,2017-08-28,EA,1,,14103.05,1,0,14103.05,0.14,0,0,0,1,2040,0,
91210,482307055,Dummy Value 44,Dummy Value 66,Dummy Value 87,G15CS2H01,126,Thoraco-Lumbar,IMP,Implant SKU,Spine,NSE,Endoscopy & NSE,2018-01-27,0,9,2040-12-31,2017-06-27,EA,1,,3481.99,1,0,3481.99,0.03,0,0,0,1,2040,9,
91210,1488210122I,Dummy Value 72,Dummy Value 21,Dummy Value 32,G03BS1C01,229,Video,MCP,Medsurg Capital,Video,Endoscopy,Endoscopy & NSE,2018-10-04,0,0,2099-12-31,,EA,1,,153343.17,1,0,153343.17,1.53,0,0,0,1,2099,0,
91210,502528070,Dummy Value 83,Dummy Value 64,Dummy Value 55,F14AS1D01,229,Video,MCP,Medsurg Capital,Video,Endoscopy,Endoscopy & NSE,2016-05-08,2,29,2040-12-31,,EA,1,,91037.87,1,0,91037.87,0.91,0,0,0,1,2040,29,
91210,482314540,Dummy Value 28,Dummy Value 89,Dummy Value 100,G15CS2E01,126,Thoraco-Lumbar,IMP,Implant SKU,Spine,NSE,Endoscopy & NSE,2017-03-07,1,19,2040-12-31,2017-02-20,EA,1,,2125.1,5,0,10625.5,0.11,0,0,0,5,2040,19,
91209,6741409,Dummy Value 14,Dummy Value 55,Dummy Value 67,G15BS2F01,127,Interbody Devices,IMP,Implant SKU,Spine,NSE,Endoscopy & NSE,2014-12-12,4,46,2040-12-31,,EA,1,,6753,1,0,6753,0.07,0,0,0,1,2040,46,
91210,6700313002,Dummy Value 93,Dummy Value 72,Dummy Value 98,G19AS2E01,342,NSE Other (incl ENT&SilverGli),MCP,Medsurg Capital,NSE - Others,NSE,Endoscopy & NSE,2018-01-09,0,9,2099-12-31,,EA,1,,18683.51,1,0,18683.51,0.19,0,0,0,1,2099,9,
91210,5020506,Dummy Value 23,Dummy Value 32,Dummy Value 46,G14BS2C02,330,Cranio-Maxillofacial,IMP,Implant SKU,CMF,NSE,Endoscopy & NSE,2018-07-23,0,3,2099-12-31,,EA,5,,1004.2,2,0,2008.4,0.02,0,0,0,2,2099,3,
91210,5625002,Dummy Value 91,Dummy Value 90,Dummy Value 83,G14ES1A03,330,Cranio-Maxillofacial,IMP,Implant SKU,CMF,NSE,Endoscopy & NSE,2017-08-25,1,14,2099-12-31,,EA,1,,10034.92,1,0,10034.92,0.1,0,0,0,1,2099,14,
91210,0220220000I,Dummy Value 97,Dummy Value 88,Dummy Value 62,SALEBULK,229,Video,MCP,Medsurg Capital,Video,Endoscopy,Endoscopy & NSE,2018-10-26,0,0,2099-12-31,,EA,1,,135595.88,1,0,135595.88,1.36,0,0,0,1,2099,0,
91210,5023404,Dummy Value 46,Dummy Value 68,Dummy Value 65,G14AS1H01,330,Cranio-Maxillofacial,IMP,Implant SKU,CMF,NSE,Endoscopy & NSE,2017-11-02,1,11,2099-12-31,,EA,5,,1157.46,9,0,10417.14,0.1,0,0,0,9,2099,11,
91210,5400130000,Dummy Value 14,Dummy Value 51,Dummy Value 10,G13AS1G01,303,Micro - NSE,MCP,Medsurg Capital,Micro-Surgical (NSE),NSE,Endoscopy & NSE,2018-07-26,0,3,2099-12-31,,EA,1,,58296.19,1,0,58296.19,0.58,0,0,0,1,2099,3,
91210,5023506,Dummy Value 25,Dummy Value 40,Dummy Value 37,G14BS2C03,330,Cranio-Maxillofacial,IMP,Implant SKU,CMF,NSE,Endoscopy & NSE,2016-05-12,2,29,2040-12-31,,EA,5,,1044.6,10,0,10446,0.1,0,0,0,10,2040,29,
91210,5130012240,Dummy Value 46,Dummy Value 100,Dummy Value 45,G16CS1G06,303,Micro - NSE,MCS,Medsurg Consumable,Micro-Surgical (NSE),NSE,Endoscopy & NSE,2016-06-18,2,28,2021-02-01,,EA,1,,1392.16,4,0,5568.63,0.06,0,0,0,4,2021,28,
91210,1188410110,Dummy Value 48,Dummy Value 55,Dummy Value 46,G17ES1A01,229,Video,MCP,Medsurg Capital,Video,Endoscopy,Endoscopy & NSE,2013-05-30,5,65,2040-12-31,,EA,1,,24367.57,1,0,24367.57,0.24,0,0,0,1,2040,65,
91210,250080134,Dummy Value 18,Dummy Value 28,Dummy Value 38,G12AS1F01,228,General Surgery,MCP,Medsurg Capital,General Surgery,Endoscopy,Endoscopy & NSE,2016-05-07,2,29,2040-12-31,,EA,1,,5071.66,2,0,10143.32,0.1,0,0,0,2,2040,29,
91210,5100010247,Dummy Value 63,Dummy Value 91,Dummy Value 38,F16BS1F01,303,Micro - NSE,MCP,Medsurg Capital,Micro-Surgical (NSE),NSE,Endoscopy & NSE,2016-04-12,2,30,2040-12-31,,EA,1,,43119.69,3,0,129359.07,1.29,0,0,0,3,2040,30,
91210,5023412,Dummy Value 77,Dummy Value 93,Dummy Value 18,G14AS2B01,330,Cranio-Maxillofacial,IMP,Implant SKU,CMF,NSE,Endoscopy & NSE,2018-07-12,0,3,2099-12-31,,EA,5,,470.04,2,0,940.08,0.01,0,0,0,2,2099,3,
91210,8470012030DC,Dummy Value 24,Dummy Value 16,Dummy Value 73,G16DS1B04,303,Micro - NSE,MCS,Medsurg Consumable,Micro-Surgical (NSE),NSE,Endoscopy & NSE,2016-08-27,2,26,2040-12-31,,EA,1,,4326.53,1,0,4326.53,0.04,0,0,0,1,2040,26,
91210,502859045,Dummy Value 30,Dummy Value 49,Dummy Value 18,G17AS1F01,229,Video,MCP,Medsurg Capital,Video,Endoscopy,Endoscopy & NSE,2016-04-27,2,30,2040-12-31,,EA,1,,64285.95,1,0,64285.95,0.64,0,0,0,1,2040,30,
91210,482366555,Dummy Value 72,Dummy Value 71,Dummy Value 10,G15ES1B03,126,Thoraco-Lumbar,IMP,Implant SKU,Spine,NSE,Endoscopy & NSE,2018-08-02,0,2,2099-12-31,2017-01-17,EA,1,,6953.07,2,0,13906.14,0.14,0,0,0,2,2099,2,
91210,1318031,Dummy Value 57,Dummy Value 85,Dummy Value 74,F16AS1A01,330,Cranio-Maxillofacial,IMP,Implant SKU,CMF,NSE,Endoscopy & NSE,2016-04-08,2,30,2040-12-31,,EA,1,,763.51,2,0,1527.02,0.02,0,0,0,2,2040,30,
91210,220180518,Dummy Value 47,Dummy Value 40,Dummy Value 20,G19BS1B01,228,General Surgery,MCS,Medsurg Consumable,General Surgery,Endoscopy,Endoscopy & NSE,2018-10-25,0,0,2020-05-25,,EA,5,,35325.28,4,0,141301.1,1.41,0,0,0,4,2020,0,
91210,6000014000,Dummy Value 26,Dummy Value 36,Dummy Value 100,G17DS1E06,327,Navigation,MCP,Medsurg Capital,Navigation (Neuro),NSE,Endoscopy & NSE,2018-09-12,0,1,2099-12-31,,EA,1,,178591.97,1,0,178591.97,1.79,0,0,0,1,2099,1,
91210,502113030,Dummy Value 44,Dummy Value 83,Dummy Value 68,G12DS1D06,229,Video,MCP,Medsurg Capital,Video,Endoscopy,Endoscopy & NSE,2018-08-10,0,2,2099-12-31,,EA,1,,82299.95,1,0,82299.95,0.82,0,0,0,1,2099,2,
91210,250080618,Dummy Value 59,Dummy Value 67,Dummy Value 78,F05CS1C03,228,General Surgery,MCP,Medsurg Capital,General Surgery,Endoscopy,Endoscopy & NSE,2018-02-08,0,8,2099-12-31,,EA,1,,10694.77,2,2,21389.54,0.21,0,0,0,0,2099,8,
91210,250070620,Dummy Value 27,Dummy Value 81,Dummy Value 57,G20BS1B01,228,General Surgery,MCS,Medsurg Consumable,General Surgery,Endoscopy,Endoscopy & NSE,2018-10-25,0,0,2020-08-14,,EA,6,,6688.9,3,0,20066.69,0.2,0,0,0,3,2020,0,
91210,5820107140,Dummy Value 19,Dummy Value 11,Dummy Value 35,G16DS1D06,303,Micro - NSE,MCS,Medsurg Consumable,NSE - Others,NSE,Endoscopy & NSE,2018-09-28,0,1,2023-06-01,,EA,1,,1480.01,2,0,2960.02,0.03,0,0,0,2,2023,1,
91210,9200647,Dummy Value 53,Dummy Value 55,Dummy Value 62,G11ES2A01,338,Neuro,IMP,Implant SKU,CMF,NSE,Endoscopy & NSE,2017-08-01,1,14,2099-12-31,,EA,1,,17382.36,8,0,139058.88,1.39,0,0,0,8,2099,14,
91210,250040011,Dummy Value 36,Dummy Value 97,Dummy Value 79,F15BS1B03,228,General Surgery,MCS,Medsurg Consumable,General Surgery,Endoscopy,Endoscopy & NSE,2018-07-18,0,3,2040-12-31,,EA,1,B,1771.78,1,0,1771.78,0.02,0,0,0,0,2040,3,
91210,5820070011,Dummy Value 34,Dummy Value 69,Dummy Value 15,G16ES1D01,303,Micro - NSE,MCS,Medsurg Consumable,NSE - Others,NSE,Endoscopy & NSE,2018-09-28,0,1,2023-06-01,,EA,1,,1040.11,2,0,2080.22,0.02,0,0,0,2,2023,1,
91209,502557010,Dummy Value 80,Dummy Value 64,Dummy Value 21,G17AS1C01,229,Video,MCP,Medsurg Capital,General Surgery,Endoscopy,Endoscopy & NSE,2011-02-10,7,92,2040-12-31,,EA,1,,77882.59,1,0,77882.59,0.78,0,0,0,1,2040,92,
91209,5290440100,Dummy Value 60,Dummy Value 78,Dummy Value 34,G22CS1D01,342,NSE Other (incl ENT&SilverGli),MCS,Medsurg Consumable,NSE - Others,NSE,Endoscopy & NSE,2017-08-05,1,14,2020-05-03,,EA,5,,17921.7,4,0,71686.81,0.72,0,0,0,4,2020,14,
91210,620010104,Dummy Value 91,Dummy Value 51,Dummy Value 56,G12BS1C03,228,General Surgery,MCP,Medsurg Capital,General Surgery,Endoscopy,Endoscopy & NSE,2018-10-26,0,0,2099-12-31,,EA,1,,7262.82,5,0,36314.09,0.36,0,0,0,5,2099,0,
91210,250080246,Dummy Value 41,Dummy Value 44,Dummy Value 48,F05CS1C01,228,General Surgery,MCP,Medsurg Capital,General Surgery,Endoscopy,Endoscopy & NSE,2015-11-29,3,35,2040-12-31,,EA,1,,7909.82,1,0,7909.82,0.08,0,0,0,1,2040,35,
91210,306330000,Dummy Value 93,Dummy Value 25,Dummy Value 22,G23BS1E01,315,Interventional Pain,MCS,Medsurg Consumable,Spine,NSE,Endoscopy & NSE,2016-12-07,2,22,2019-10-01,,EA,6,,5912.98,2,0,11825.96,0.12,0,0,0,2,2019,22,
91210,1288020122,Dummy Value 100,Dummy Value 26,Dummy Value 80,G03CS1B01,229,Video,MCP,Medsurg Capital,Video,Endoscopy,Endoscopy & NSE,2018-10-26,0,0,2099-12-31,,EA,1,,12472.35,1,0,12472.35,0.12,0,0,0,1,2099,0,
91210,250040113,Dummy Value 42,Dummy Value 20,Dummy Value 98,F15DS1B01,228,General Surgery,MCS,Medsurg Consumable,General Surgery,Endoscopy,Endoscopy & NSE,2016-11-25,2,23,2040-12-31,,EA,3,,11670.78,2,0,23341.56,0.23,0,0,0,2,2040,23,
91210,6003100110,Dummy Value 19,Dummy Value 59,Dummy Value 22,G17DS1C04,327,Navigation,MCP,Medsurg Capital,Navigation (Neuro),NSE,Endoscopy & NSE,2018-09-28,0,1,2099-12-31,,EA,1,,11765.01,2,0,23530.02,0.24,0,0,0,2,2099,1,
91210,5820030040,Dummy Value 67,Dummy Value 77,Dummy Value 88,G16BS2C01,303,Micro - NSE,MCS,Medsurg Consumable,NSE - Others,NSE,Endoscopy & NSE,2016-11-25,2,23,2019-09-01,,EA,1,,1180.54,1,0,1180.54,0.01,0,0,0,1,2019,23,
91210,5020712,Dummy Value 18,Dummy Value 57,Dummy Value 51,G14AS2A06,330,Cranio-Maxillofacial,IMP,Implant SKU,CMF,NSE,Endoscopy & NSE,2016-07-25,2,27,2040-12-31,,EA,5,,801.56,63,0,50498.28,0.5,0,0,0,63,2040,27,
91210,3821545,Dummy Value 93,Dummy Value 14,Dummy Value 95,G15BS2H01,126,Thoraco-Lumbar,IMP,Implant SKU,Spine,NSE,Endoscopy & NSE,2017-03-07,1,19,2099-12-31,2017-02-24,EA,1,,1801.91,20,0,36038.2,0.36,0,0,0,20,2099,19,
91210,6220145,Dummy Value 20,Dummy Value 58,Dummy Value 26,F16AS1A01,330,Cranio-Maxillofacial,INS,Instrument SKU,CMF,NSE,Endoscopy & NSE,2012-03-29,6,79,2040-12-31,,EA,1,,4311.12,4,0,17244.48,0.17,0,0,0,4,2040,79,
91210,5820012035,Dummy Value 60,Dummy Value 86,Dummy Value 87,G16AS2C01,303,Micro - NSE,MCS,Medsurg Consumable,NSE - Others,NSE,Endoscopy & NSE,2016-09-22,2,25,2021-07-01,,EA,1,,1477.44,2,0,2954.89,0.03,0,0,0,2,2021,25,
91210,250080360,Dummy Value 17,Dummy Value 39,Dummy Value 73,F03BS1A01,228,General Surgery,MCP,Medsurg Capital,General Surgery,Endoscopy,Endoscopy & NSE,2015-04-23,3,42,2040-12-31,,EA,1,,9458.44,2,0,18916.88,0.19,0,0,0,2,2040,42,
91210,3821430,Dummy Value 11,Dummy Value 81,Dummy Value 50,G15AS2F06,126,Thoraco-Lumbar,IMP,Implant SKU,Spine,NSE,Endoscopy & NSE,2017-12-16,1,10,2099-12-31,2017-11-09,EA,1,,1753.82,1,0,1753.82,0.02,0,0,0,1,2099,10,
91210,5012008,Dummy Value 39,Dummy Value 32,Dummy Value 57,G14BS1D06,330,Cranio-Maxillofacial,IMP,Implant SKU,CMF,NSE,Endoscopy & NSE,2017-08-26,1,14,2099-12-31,,EA,5,,874.67,1,0,874.67,0.01,0,0,0,1,2099,14,
91210,48674014,Dummy Value 80,Dummy Value 18,Dummy Value 62,G15AS1F05,125,Cervical,IMP,Implant SKU,Spine,NSE,Endoscopy & NSE,2013-10-31,5,60,2040-12-31,,EA,1,,1144.63,13,0,14880.19,0.15,0,0,0,13,2040,60,
91210,8420010030,Dummy Value 10,Dummy Value 88,Dummy Value 10,G14ES1E03,303,Micro - NSE,MCS,Medsurg Consumable,NSE - Others,NSE,Endoscopy & NSE,2016-12-19,2,22,2019-08-01,,EA,1,,1219.66,1,0,1219.66,0.01,0,0,0,1,2019,22,
91210,6014008,Dummy Value 75,Dummy Value 36,Dummy Value 76,G14CS1C03,330,Cranio-Maxillofacial,IMP,Implant SKU,CMF,NSE,Endoscopy & NSE,2018-06-06,0,4,2099-12-31,,EA,1,,673.95,6,0,4043.7,0.04,0,0,0,6,2099,4,
91210,5100060001,Dummy Value 50,Dummy Value 95,Dummy Value 21,G21AS1C01,303,Micro - NSE,MCS,Medsurg Consumable,NSE - Others,NSE,Endoscopy & NSE,2018-08-10,0,2,2021-06-01,,EA,1,,4329.73,8,0,34637.85,0.35,0,0,0,8,2021,2,
91210,7517,Dummy Value 43,Dummy Value 65,Dummy Value 27,F04CS1D05,343,MEDPOR,IMP,Implant SKU,CMF,NSE,Endoscopy & NSE,2017-12-27,1,10,2027-06-30,,EA,1,,2760.59,3,0,8281.77,0.08,0,0,0,3,2027,10,
91209,250080245,Dummy Value 32,Dummy Value 10,Dummy Value 50,F05CS1A06,228,General Surgery,MCP,Medsurg Capital,General Surgery,Endoscopy,Endoscopy & NSE,2017-06-08,1,16,2099-12-31,,EA,1,,7909.82,1,0,7909.82,0.08,0,0,0,1,2099,16,
91210,5505763,Dummy Value 62,Dummy Value 81,Dummy Value 50,G14BS1F04,330,Cranio-Maxillofacial,IMP,Implant SKU,CMF,NSE,Endoscopy & NSE,2018-10-26,0,0,2099-12-31,,EA,1,,557.89,17,0,9484.13,0.09,0,0,0,17,2099,0,
91210,250040103,Dummy Value 58,Dummy Value 45,Dummy Value 41,G17DS1F04,228,General Surgery,MCS,Medsurg Consumable,General Surgery,Endoscopy,Endoscopy & NSE,2016-04-13,2,30,2040-12-31,,EA,3,,42855.49,4,0,171421.98,1.71,0,0,0,4,2040,30,
91210,5820107030,Dummy Value 44,Dummy Value 30,Dummy Value 44,G16ES1E02,303,Micro - NSE,MCS,Medsurg Consumable,NSE - Others,NSE,Endoscopy & NSE,2017-12-09,1,10,2020-08-01,,EA,1,,1023.44,1,0,1023.44,0.01,0,0,0,1,2020,10,
91210,5515504,Dummy Value 88,Dummy Value 85,Dummy Value 84,G14BS1D04,330,Cranio-Maxillofacial,IMP,Implant SKU,CMF,NSE,Endoscopy & NSE,2018-08-09,0,2,2099-12-31,,EA,1,,1025.36,5,0,5126.8,0.05,0,0,0,5,2099,2,
91210,250080757,Dummy Value 25,Dummy Value 67,Dummy Value 67,G19AS2D01,228,General Surgery,MCP,Medsurg Capital,General Surgery,Endoscopy,Endoscopy & NSE,2016-10-04,2,24,2040-12-31,,EA,1,,7540.46,20,0,150809.2,1.51,0,0,0,20,2040,24,
91210,6730145012,Dummy Value 39,Dummy Value 53,Dummy Value 85,F16CS1E01,342,NSE Other (incl ENT&SilverGli),MCP,Medsurg Capital,NSE - Others,NSE,Endoscopy & NSE,2016-07-16,2,27,2040-12-31,,EA,1,,10596.04,8,0,84768.35,0.85,0,0,0,8,2040,27,
91210,502204030,Dummy Value 90,Dummy Value 64,Dummy Value 13,G23CS1C01,229,Video,MCP,Medsurg Capital,Video,Endoscopy,Endoscopy & NSE,2018-10-12,0,0,2099-12-31,,EA,1,,53461.65,1,0,53461.65,0.53,0,0,0,1,2099,0,
91210,6007015000,Dummy Value 56,Dummy Value 71,Dummy Value 96,G17CS1H02,327,Navigation,MCP,Medsurg Capital,Navigation (Neuro),NSE,Endoscopy & NSE,2018-07-11,0,3,2099-12-31,,EA,1,,29618.06,1,0,29618.06,0.3,0,0,0,1,2099,3,
91210,250080692,Dummy Value 83,Dummy Value 48,Dummy Value 72,G17BS1B05,228,General Surgery,MCP,Medsurg Capital,General Surgery,Endoscopy,Endoscopy & NSE,2017-11-22,1,11,2099-12-31,,EA,1,,2472.67,6,0,14836,0.15,0,0,0,6,2099,11,
91210,502210010,Dummy Value 46,Dummy Value 14,Dummy Value 13,G17AS1C04,229,Video,MCP,Medsurg Capital,Video,Endoscopy,Endoscopy & NSE,2016-04-27,2,30,2040-12-31,,EA,1,,80822.51,1,0,80822.51,0.81,0,0,0,1,2040,30,
91210,5290540000,Dummy Value 68,Dummy Value 17,Dummy Value 29,G21CS1D01,342,NSE Other (incl ENT&SilverGli),MCS,Medsurg Consumable,NSE - Others,NSE,Endoscopy & NSE,2017-07-27,1,15,2020-06-15,,EA,5,,4499.66,2,0,8999.33,0.09,0,0,0,2,2020,15,
91210,250080754,Dummy Value 31,Dummy Value 21,Dummy Value 100,F14AS1D01,228,General Surgery,MCP,Medsurg Capital,General Surgery,Endoscopy,Endoscopy & NSE,2014-04-26,4,54,2040-12-31,,EA,1,,7452.63,2,0,14905.26,0.15,0,0,0,2,2040,54,
91210,220201000,Dummy Value 55,Dummy Value 38,Dummy Value 95,G02ES2C01,229,Video,MCS,Medsurg Consumable,Video,Endoscopy,Endoscopy & NSE,2017-12-14,1,10,2099-12-31,,EA,1,H,25469.88,1,0,25469.88,0.25,0,0,0,0,2099,10,
91210,5305228,Dummy Value 60,Dummy Value 15,Dummy Value 32,G14DS1G05,338,Neuro,IMP,Implant SKU,CMF,NSE,Endoscopy & NSE,2017-09-22,1,13,2099-12-31,,EA,1,,371.28,6,0,2227.68,0.02,0,0,0,6,2099,13,
91210,306410000,Dummy Value 27,Dummy Value 11,Dummy Value 21,G19ES2B01,315,Interventional Pain,MCS,Medsurg Consumable,Spine,NSE,Endoscopy & NSE,2018-10-25,0,0,2021-07-31,,EA,18,,13255.96,3,0,39767.87,0.4,0,0,0,3,2021,0,
91210,5017906,Dummy Value 79,Dummy Value 43,Dummy Value 34,FLOOR,330,Cranio-Maxillofacial,IMP,Implant SKU,CMF,NSE,Endoscopy & NSE,2017-03-01,1,19,2099-12-31,,EA,5,,929.17,208,0,193267.36,1.93,0,0,0,208,2099,19,
91210,5120010060,Dummy Value 93,Dummy Value 38,Dummy Value 60,G16DS1D03,303,Micro - NSE,MCS,Medsurg Consumable,Micro-Surgical (NSE),NSE,Endoscopy & NSE,2017-11-25,1,11,2022-07-01,,EA,1,,773.99,4,0,3095.96,0.03,0,0,0,4,2022,11,
91210,4107042,Dummy Value 24,Dummy Value 75,Dummy Value 40,G15BS1D02,126,Thoraco-Lumbar,IMP,Implant SKU,Spine,NSE,Endoscopy & NSE,2015-07-28,3,39,2040-12-31,2015-06-19,EA,1,,11760.53,2,0,23521.06,0.24,0,0,0,2,2040,39,
91210,3820535,Dummy Value 83,Dummy Value 61,Dummy Value 30,G15CS2D04,126,Thoraco-Lumbar,IMP,Implant SKU,Spine,NSE,Endoscopy & NSE,2017-08-01,1,14,2099-12-31,2017-07-07,EA,1,,2116.77,4,0,8467.08,0.08,0,0,0,4,2099,14,
91210,5820010050,Dummy Value 43,Dummy Value 34,Dummy Value 85,G16DS2D03,303,Micro - NSE,MCS,Medsurg Consumable,NSE - Others,NSE,Endoscopy & NSE,2018-06-27,0,4,2021-04-01,,EA,1,,1056.14,20,0,21122.83,0.21,0,0,0,20,2021,4,
91210,Z504501,Dummy Value 31,Dummy Value 64,Dummy Value 25,G17ES1C01,240,Endoscopy Service,MCP,Medsurg Capital,General Surgery,Endoscopy,Endoscopy & NSE,2016-05-16,2,29,2040-12-31,,EA,1,,12696.78,1,0,12696.78,0.13,0,0,0,1,2040,29,
91210,5130012020,Dummy Value 57,Dummy Value 67,Dummy Value 14,G16CS2A02,303,Micro - NSE,MCS,Medsurg Consumable,Micro-Surgical (NSE),NSE,Endoscopy & NSE,2017-05-05,1,17,2022-01-01,,EA,1,,1440.25,10,0,14402.51,0.14,0,0,0,10,2022,17,
91210,233050300,Dummy Value 43,Dummy Value 28,Dummy Value 15,G19AS1D01,229,Video,MCP,Medsurg Capital,Video,Endoscopy,Endoscopy & NSE,2018-10-26,0,0,2099-12-31,,EA,1,,15139.95,1,0,15139.95,0.15,0,0,0,1,2099,0,
91210,5017504,Dummy Value 58,Dummy Value 55,Dummy Value 28,G14ES1A03,330,Cranio-Maxillofacial,IMP,Implant SKU,CMF,NSE,Endoscopy & NSE,2017-09-15,1,13,2099-12-31,,EA,5,,809.26,4,0,3237.04,0.03,0,0,0,4,2099,13,
91210,250080318,Dummy Value 90,Dummy Value 74,Dummy Value 100,G17BS1A02,228,General Surgery,MCP,Medsurg Capital,General Surgery,Endoscopy,Endoscopy & NSE,2016-05-07,2,29,2040-12-31,,EA,1,,7367.98,1,0,7367.98,0.07,0,0,0,1,2040,29,
91210,8470107020D,Dummy Value 38,Dummy Value 57,Dummy Value 100,G16DS1C02,303,Micro - NSE,MCS,Medsurg Consumable,Micro-Surgical (NSE),NSE,Endoscopy & NSE,2017-08-26,1,14,2021-01-01,,EA,1,,4028.98,1,0,4028.98,0.04,0,0,0,1,2021,14,
91210,250282045,Dummy Value 40,Dummy Value 66,Dummy Value 27,G11DS2B01,228,General Surgery,MCP,Medsurg Capital,General Surgery,Endoscopy,Endoscopy & NSE,2015-05-15,3,41,2040-12-31,,EA,1,,8527.98,2,0,17055.96,0.17,0,0,0,2,2040,41,
91210,5400750000,Dummy Value 77,Dummy Value 71,Dummy Value 94,F16BS1A01,303,Micro - NSE,MCP,Medsurg Capital,NSE - Others,NSE,Endoscopy & NSE,2010-10-11,8,96,2040-12-31,,EA,1,,39764.66,1,0,39764.66,0.4,0,0,0,1,2040,96,
91210,5320442,Dummy Value 40,Dummy Value 86,Dummy Value 67,G14DS1B05,330,Cranio-Maxillofacial,IMP,Implant SKU,CMF,NSE,Endoscopy & NSE,2016-06-07,2,28,2040-12-31,,EA,5,,2176.4,4,0,8705.6,0.09,0,0,0,4,2040,28,
91210,3821645,Dummy Value 49,Dummy Value 87,Dummy Value 23,F11ES1E01,126,Thoraco-Lumbar,IMP,Implant SKU,Spine,NSE,Endoscopy & NSE,2018-05-17,0,5,2099-12-31,2018-04-23,EA,1,,1810.89,191,0,345879.99,3.46,0,0,0,191,2099,5,
91210,6730190504,Dummy Value 67,Dummy Value 97,Dummy Value 36,F12AS1D01,342,NSE Other (incl ENT&SilverGli),MCP,Medsurg Capital,NSE - Others,NSE,Endoscopy & NSE,2016-08-19,2,26,2040-12-31,,EA,1,,12575.59,1,0,12575.59,0.13,0,0,0,1,2040,26,
91210,5017003,Dummy Value 92,Dummy Value 22,Dummy Value 26,G14AS2A01,330,Cranio-Maxillofacial,IMP,Implant SKU,CMF,NSE,Endoscopy & NSE,2014-08-27,4,50,2040-12-31,,EA,5,,661.77,1,0,661.77,0.01,0,0,0,1,2040,50,
91210,502205030,Dummy Value 50,Dummy Value 74,Dummy Value 93,G17DS1J01,229,Video,MCP,Medsurg Capital,Video,Endoscopy,Endoscopy & NSE,2016-04-27,2,30,2040-12-31,,EA,1,,93526.31,1,0,93526.31,0.94,0,0,0,1,2040,30,
91210,3821650,Dummy Value 45,Dummy Value 90,Dummy Value 98,F05CS1F01,126,Thoraco-Lumbar,IMP,Implant SKU,Spine,NSE,Endoscopy & NSE,2018-05-05,0,5,2099-12-31,2018-04-04,EA,1,,1862.83,142,0,264521.86,2.65,0,0,0,142,2099,5,
91210,48233430,Dummy Value 91,Dummy Value 35,Dummy Value 86,G15CS2F03,126,Thoraco-Lumbar,IMP,Implant SKU,Spine,NSE,Endoscopy & NSE,2011-04-26,7,90,2040-12-31,,EA,1,,5825.76,6,0,34954.56,0.35,0,0,0,6,2040,90,
91209,48694012,Dummy Value 99,Dummy Value 98,Dummy Value 82,G15AS1G03,125,Cervical,IMP,Implant SKU,Spine,NSE,Endoscopy & NSE,2014-07-15,4,51,2040-12-31,,EA,1,,1082.43,52,0,56286.36,0.56,0,0,0,52,2040,51,
91210,5407120070,Dummy Value 16,Dummy Value 62,Dummy Value 84,F15DS1E01,303,Micro - NSE,MCP,Medsurg Capital,Micro-Surgical (NSE),NSE,Endoscopy & NSE,2018-10-11,0,0,2040-12-31,,EA,1,,28849.27,1,0,28849.27,0.29,0,0,0,1,2040,0,
91210,5820010220,Dummy Value 22,Dummy Value 26,Dummy Value 79,G16ES1A01,303,Micro - NSE,MCS,Medsurg Consumable,NSE - Others,NSE,Endoscopy & NSE,2017-10-21,1,12,2019-09-01,,EA,1,,765.65,24,0,18375.71,0.18,0,0,0,24,2019,12,
91210,5020904,Dummy Value 57,Dummy Value 55,Dummy Value 75,G14AS2E03,330,Cranio-Maxillofacial,IMP,Implant SKU,CMF,NSE,Endoscopy & NSE,2017-12-14,1,10,2099-12-31,,EA,5,,818.88,6,0,4913.28,0.05,0,0,0,6,2099,10,
91210,5110901900,Dummy Value 69,Dummy Value 37,Dummy Value 78,G19DS1B01,303,Micro - NSE,MCS,Medsurg Consumable,Micro-Surgical (NSE),NSE,Endoscopy & NSE,2017-09-14,1,13,2099-12-31,,EA,1,,2659.27,2,0,5318.54,0.05,0,0,0,2,2099,13,
91210,6730145004,Dummy Value 94,Dummy Value 87,Dummy Value 11,F12AS1A01,342,NSE Other (incl ENT&SilverGli),MCP,Medsurg Capital,NSE - Others,NSE,Endoscopy & NSE,2016-12-16,2,22,2040-12-31,,EA,1,,14330.69,3,0,42992.08,0.43,0,0,0,3,2040,22,
91210,5820010620,Dummy Value 18,Dummy Value 64,Dummy Value 17,G16AS2A04,303,Micro - NSE,MCS,Medsurg Consumable,NSE - Others,NSE,Endoscopy & NSE,2018-10-25,0,0,2021-08-01,,EA,1,,1059.99,5,0,5299.95,0.05,0,0,0,5,2021,0,
91209,1318020,Dummy Value 34,Dummy Value 100,Dummy Value 56,F16AS1A01,330,Cranio-Maxillofacial,IMP,Implant SKU,CMF,NSE,Endoscopy & NSE,2016-04-08,2,30,2040-12-31,,EA,1,,601.73,1,0,601.73,0.01,0,0,0,1,2040,30,
91210,6013512,Dummy Value 53,Dummy Value 97,Dummy Value 26,G14CS1B06,330,Cranio-Maxillofacial,IMP,Implant SKU,CMF,NSE,Endoscopy & NSE,2015-12-14,3,34,2040-12-31,,EA,1,,779.76,10,0,7797.6,0.08,0,0,0,10,2040,34,
91210,502103010,Dummy Value 89,Dummy Value 68,Dummy Value 27,F14AS1B01,229,Video,MCP,Medsurg Capital,Video,Endoscopy,Endoscopy & NSE,2018-07-04,0,3,2099-12-31,,EA,1,,58644.24,1,0,58644.24,0.59,0,0,0,1,2099,3,
91210,250181106,Dummy Value 55,Dummy Value 32,Dummy Value 22,F15ES1E01,228,General Surgery,MCP,Medsurg Capital,General Surgery,Endoscopy,Endoscopy & NSE,2018-10-26,0,0,2099-12-31,,EA,1,,11417.46,18,6,205514.28,2.06,0,0,0,12,2099,0,
91210,5012003,Dummy Value 25,Dummy Value 69,Dummy Value 79,G14AS1F02,330,Cranio-Maxillofacial,IMP,Implant SKU,CMF,NSE,Endoscopy & NSE,2014-08-27,4,50,2040-12-31,,EA,5,,725.25,4,0,2901,0.03,0,0,0,4,2040,50,
91210,502539045,Dummy Value 98,Dummy Value 92,Dummy Value 60,F05AS1E06,229,Video,MCP,Medsurg Capital,Video,Endoscopy,Endoscopy & NSE,2017-08-24,1,14,2099-12-31,,EA,1,,74508.12,1,0,74508.12,0.75,0,0,0,1,2099,14,
91210,250080204,Dummy Value 75,Dummy Value 36,Dummy Value 57,G03AS1A01,228,General Surgery,MCP,Medsurg Capital,General Surgery,Endoscopy,Endoscopy & NSE,2016-07-02,2,27,2040-12-31,,EA,1,,4720.25,8,0,37762.03,0.38,0,0,0,8,2040,27,
91210,5020416,Dummy Value 73,Dummy Value 80,Dummy Value 31,G14BS2E02,330,Cranio-Maxillofacial,IMP,Implant SKU,CMF,NSE,Endoscopy & NSE,2018-02-23,0,8,2099-12-31,,EA,5,,658.56,2,0,1317.12,0.01,0,0,0,2,2099,8,
91210,5505188,Dummy Value 80,Dummy Value 19,Dummy Value 80,G14BS1F01,330,Cranio-Maxillofacial,IMP,Implant SKU,CMF,NSE,Endoscopy & NSE,2018-07-23,0,3,2099-12-31,,EA,1,,420.66,3,0,1261.98,0.01,0,0,0,3,2099,3,
91210,5020705,Dummy Value 94,Dummy Value 66,Dummy Value 97,G15CS2H01,330,Cranio-Maxillofacial,IMP,Implant SKU,CMF,NSE,Endoscopy & NSE,2016-07-25,2,27,2040-12-31,,EA,5,,701.53,21,0,14732.13,0.15,0,0,0,21,2040,27,
91210,3821660,Dummy Value 86,Dummy Value 53,Dummy Value 84,F16AS1C01,126,Thoraco-Lumbar,IMP,Implant SKU,Spine,NSE,Endoscopy & NSE,2013-10-18,5,60,2040-12-31,,EA,1,,1809.61,22,0,39811.42,0.4,0,0,0,22,2040,60,
91210,5450800315,Dummy Value 10,Dummy Value 92,Dummy Value 17,G17DS1A04,342,NSE Other (incl ENT&SilverGli),MCS,Medsurg Consumable,NSE - Others,NSE,Endoscopy & NSE,2017-06-24,1,16,2019-12-02,,EA,5,,36629.58,2,0,73259.16,0.73,0,0,0,2,2019,16,
91210,0220210000I,Dummy Value 37,Dummy Value 47,Dummy Value 25,SALEBULK,229,Video,MCP,Medsurg Capital,Video,Endoscopy,Endoscopy & NSE,2016-11-26,2,23,2040-12-31,,EA,1,B,124071.95,1,0,124071.95,1.24,0,0,0,0,2040,23,
91210,5290635000,Dummy Value 67,Dummy Value 83,Dummy Value 51,F15BS1B01,342,NSE Other (incl ENT&SilverGli),MCS,Medsurg Consumable,NSE - Others,NSE,Endoscopy & NSE,2017-06-30,1,16,2020-06-05,,EA,5,,4612.52,15,0,69187.85,0.69,0,0,0,15,2020,16,
91210,5023408,Dummy Value 96,Dummy Value 71,Dummy Value 51,G14AS2F01,330,Cranio-Maxillofacial,IMP,Implant SKU,CMF,NSE,Endoscopy & NSE,2018-09-27,0,1,2099-12-31,,EA,5,,391.8,2,0,783.6,0.01,0,0,0,2,2099,1,
91210,6220021,Dummy Value 31,Dummy Value 64,Dummy Value 52,F16AS1A01,330,Cranio-Maxillofacial,IMP,Implant SKU,CMF,NSE,Endoscopy & NSE,2014-12-18,4,46,2040-12-31,,EA,2,,5037.66,16,0,80602.56,0.81,0,0,0,16,2040,46,
91210,502880503,Dummy Value 45,Dummy Value 46,Dummy Value 38,F16BS1D01,228,General Surgery,MCP,Medsurg Capital,General Surgery,Endoscopy,Endoscopy & NSE,2014-04-26,4,54,2040-12-31,,EA,1,,1597.35,5,0,7986.75,0.08,0,0,0,5,2040,54,
91210,482317545,Dummy Value 77,Dummy Value 79,Dummy Value 66,G15DS1B02,126,Thoraco-Lumbar,IMP,Implant SKU,Spine,NSE,Endoscopy & NSE,2018-04-27,0,6,2040-12-31,2018-04-11,EA,1,,2185.38,4,0,8741.52,0.09,0,0,0,4,2040,6,
91210,6741408,Dummy Value 10,Dummy Value 25,Dummy Value 41,G15BS2E06,127,Interbody Devices,IMP,Implant SKU,Spine,NSE,Endoscopy & NSE,2014-05-22,4,53,2040-12-31,,EA,1,,6760.06,1,0,6760.06,0.07,0,0,0,1,2040,53,
91210,3821435,Dummy Value 43,Dummy Value 72,Dummy Value 46,G15AS2G01,126,Thoraco-Lumbar,IMP,Implant SKU,Spine,NSE,Endoscopy & NSE,2018-04-27,0,6,2099-12-31,2018-03-20,EA,1,,1812.81,26,0,47133.06,0.47,0,0,0,26,2099,6,
91210,48761040,Dummy Value 21,Dummy Value 43,Dummy Value 83,G15DS2E02,327,Navigation,MCP,Medsurg Capital,Navigation (Neuro),NSE,Endoscopy & NSE,2017-04-18,1,18,2099-12-31,,EA,1,,17382.41,1,0,17382.41,0.17,0,0,0,1,2099,18,
91210,5450820000,Dummy Value 57,Dummy Value 16,Dummy Value 90,G11DS2C01,342,NSE Other (incl ENT&SilverGli),MCP,Medsurg Capital,NSE - Others,NSE,Endoscopy & NSE,2018-10-06,0,0,2099-12-31,,EA,1,,143202.41,1,0,143202.41,1.43,0,0,0,1,2099,0,
91210,5506731,Dummy Value 91,Dummy Value 75,Dummy Value 56,G14BS2A05,330,Cranio-Maxillofacial,IMP,Implant SKU,CMF,NSE,Endoscopy & NSE,2018-09-04,0,1,2099-12-31,,EA,1,,649.59,4,0,2598.36,0.03,0,0,0,4,2099,1,
91209,502104030,Dummy Value 30,Dummy Value 17,Dummy Value 79,G17AS1A03,229,Video,MCP,Medsurg Capital,Video,Endoscopy,Endoscopy & NSE,2018-10-26,0,0,2099-12-31,,EA,1,,45343.43,1,0,45343.43,0.45,0,0,0,1,2099,0,
91210,48769300,Dummy Value 16,Dummy Value 11,Dummy Value 21,G15DS2G03,327,Navigation,MCP,Medsurg Capital,Spine,NSE,Endoscopy & NSE,2016-10-26,2,24,2040-12-31,2016-10-05,EA,1,,31325.15,1,0,31325.15,0.31,0,0,0,1,2040,24,
91209,336610060,Dummy Value 89,Dummy Value 32,Dummy Value 22,G15BS2F06,127,Interbody Devices,IMP,Implant SKU,Spine,NSE,Endoscopy & NSE,2014-07-15,4,51,2040-12-31,,EA,1,,9610.41,5,1,48052.05,0.48,0,0,0,4,2040,51,
91210,3820201,Dummy Value 21,Dummy Value 91,Dummy Value 17,G15DS2D03,126,Thoraco-Lumbar,IMP,Implant SKU,Spine,NSE,Endoscopy & NSE,2011-10-14,7,84,2040-12-31,,EA,1,,4034.75,2,0,8069.5,0.08,0,0,0,2,2040,84,
91210,5508262,Dummy Value 78,Dummy Value 95,Dummy Value 72,G14BS2E05,330,Cranio-Maxillofacial,IMP,Implant SKU,CMF,NSE,Endoscopy & NSE,2018-02-23,0,8,2099-12-31,,EA,1,,513.64,4,0,2054.56,0.02,0,0,0,4,2099,8,
91210,5506235,Dummy Value 28,Dummy Value 11,Dummy Value 51,G14DS1D05,330,Cranio-Maxillofacial,IMP,Implant SKU,CMF,NSE,Endoscopy & NSE,2018-02-23,0,8,2099-12-31,,EA,1,,2316.84,1,0,2316.84,0.02,0,0,0,1,2099,8,
91209,482366535,Dummy Value 88,Dummy Value 96,Dummy Value 13,G15AS2G03,126,Thoraco-Lumbar,IMP,Implant SKU,Spine,NSE,Endoscopy & NSE,2018-08-24,0,2,2099-12-31,2018-08-07,EA,1,,6907.55,4,0,27630.2,0.28,0,0,0,4,2099,2,
91210,1488020125,Dummy Value 94,Dummy Value 53,Dummy Value 96,G17CS1A05,229,Video,MCP,Medsurg Capital,Video,Endoscopy,Endoscopy & NSE,2018-08-21,0,2,2040-12-31,,EA,1,,55108.53,1,0,55108.53,0.55,0,0,0,1,2040,2,
91210,6730145007,Dummy Value 24,Dummy Value 45,Dummy Value 91,F12DS1C01,342,NSE Other (incl ENT&SilverGli),MCP,Medsurg Capital,NSE - Others,NSE,Endoscopy & NSE,2016-12-16,2,22,2040-12-31,,EA,1,,10760.85,6,0,64565.07,0.65,0,0,0,6,2040,22,
91210,5017903,Dummy Value 41,Dummy Value 10,Dummy Value 75,G14AS1J01,330,Cranio-Maxillofacial,IMP,Implant SKU,CMF,NSE,Endoscopy & NSE,2014-08-27,4,50,2040-12-31,,EA,5,,783.61,115,0,90115.15,0.9,0,0,0,115,2040,50,
91210,250070488,Dummy Value 73,Dummy Value 83,Dummy Value 71,F16AS1F01,228,General Surgery,MCS,Medsurg Consumable,General Surgery,Endoscopy,Endoscopy & NSE,2016-04-13,2,30,2040-12-31,,EA,1,,2979.9,1,0,2979.9,0.03,0,0,0,1,2040,30,
91210,482304040,Dummy Value 23,Dummy Value 83,Dummy Value 52,G15AS2B01,126,Thoraco-Lumbar,IMP,Implant SKU,Spine,NSE,Endoscopy & NSE,2018-02-08,0,8,2040-12-31,2018-01-26,EA,1,,2925.38,4,0,11701.52,0.12,0,0,0,4,2040,8,
91210,502205010,Dummy Value 29,Dummy Value 66,Dummy Value 93,G17AS1C03,229,Video,MCP,Medsurg Capital,Video,Endoscopy,Endoscopy & NSE,2016-05-27,2,29,2040-12-31,,EA,1,,89466.56,1,0,89466.56,0.89,0,0,0,1,2040,29,
91210,502503030,Dummy Value 22,Dummy Value 39,Dummy Value 82,F05FS1B02,229,Video,MCP,Medsurg Capital,Video,Endoscopy,Endoscopy & NSE,2018-07-06,0,3,2099-12-31,,EA,1,,75890.66,1,0,75890.66,0.76,0,0,0,1,2099,3,
91210,250080282,Dummy Value 37,Dummy Value 68,Dummy Value 12,G17AS1F01,228,General Surgery,SVC,Service,General Surgery,Endoscopy,Endoscopy & NSE,2017-06-08,1,16,2099-12-31,,EA,1,,7540.46,10,0,75404.6,0.75,0,0,0,10,2099,16,
91210,8470107530,Dummy Value 47,Dummy Value 35,Dummy Value 68,G16CS1C06,303,Micro - NSE,MCS,Medsurg Consumable,Micro-Surgical (NSE),NSE,Endoscopy & NSE,2016-08-27,2,26,2040-12-31,,EA,1,,2279.01,2,0,4558.02,0.05,0,0,0,2,2040,26,
91210,5505758,Dummy Value 78,Dummy Value 21,Dummy Value 97,G14BS1A01,330,Cranio-Maxillofacial,IMP,Implant SKU,CMF,NSE,Endoscopy & NSE,2018-05-19,0,5,2099-12-31,,EA,1,,805.41,2,0,1610.82,0.02,0,0,0,2,2099,5,
91209,250080263,Dummy Value 62,Dummy Value 87,Dummy Value 28,F05BS1E01,228,General Surgery,MCP,Medsurg Capital,General Surgery,Endoscopy,Endoscopy & NSE,2015-10-14,3,36,2040-12-31,,EA,1,,7367.98,12,0,88415.79,0.88,0,0,0,12,2040,36,
91210,6215001,Dummy Value 87,Dummy Value 42,Dummy Value 46,G14CS1F05,338,Neuro,INS,Instrument SKU,CMF,NSE,Endoscopy & NSE,2017-07-06,1,15,2099-12-31,,EA,1,,8658.8,9,0,77929.2,0.78,0,0,0,9,2099,15,
91210,9254647,Dummy Value 54,Dummy Value 67,Dummy Value 64,G14DS2H01,338,Neuro,IMP,Implant SKU,CMF,NSE,Endoscopy & NSE,2017-08-25,1,14,2099-12-31,,EA,1,,16560.28,8,0,132482.24,1.32,0,0,0,8,2099,14,
91210,250080689,Dummy Value 72,Dummy Value 74,Dummy Value 66,F16AS1E01,228,General Surgery,MCP,Medsurg Capital,General Surgery,Endoscopy,Endoscopy & NSE,2014-03-26,4,55,2040-12-31,,EA,1,,546.35,9,0,4917.12,0.05,0,0,0,9,2040,55,
91210,5020710,Dummy Value 58,Dummy Value 87,Dummy Value 34,G14DS2B06,330,Cranio-Maxillofacial,IMP,Implant SKU,CMF,NSE,Endoscopy & NSE,2018-10-05,0,0,2099-12-31,,EA,5,,763.73,4,0,3054.92,0.03,0,0,0,4,2099,0,
91210,3820635,Dummy Value 48,Dummy Value 46,Dummy Value 82,G15AS2F01,126,Thoraco-Lumbar,IMP,Implant SKU,Spine,NSE,Endoscopy & NSE,2017-03-23,1,19,2099-12-31,2016-04-19,EA,1,,1856.42,2,0,3712.84,0.04,0,0,0,2,2099,19,
91210,3820640,Dummy Value 76,Dummy Value 61,Dummy Value 67,F05BS1H01,126,Thoraco-Lumbar,IMP,Implant SKU,Spine,NSE,Endoscopy & NSE,2018-04-27,0,6,2099-12-31,2018-03-20,EA,1,,1991.08,94,0,187161.52,1.87,0,0,0,94,2099,6,
91210,5400006000,Dummy Value 96,Dummy Value 35,Dummy Value 87,G19CS1C01,303,Micro - NSE,MCS,Medsurg Consumable,Micro-Surgical (NSE),NSE,Endoscopy & NSE,2018-03-26,0,7,2099-12-31,,EA,10,,1594.79,4,0,6379.17,0.06,0,0,0,4,2099,7,
91210,3801840,Dummy Value 31,Dummy Value 89,Dummy Value 17,F16AS1B01,126,Thoraco-Lumbar,IMP,Implant SKU,Spine,NSE,Endoscopy & NSE,2017-01-14,1,21,2040-12-31,,EA,1,,3491.61,8,0,27932.88,0.28,0,0,0,8,2040,21,
91210,250080269,Dummy Value 98,Dummy Value 13,Dummy Value 58,G12DS1B05,228,General Surgery,MCP,Medsurg Capital,General Surgery,Endoscopy,Endoscopy & NSE,2016-05-07,2,29,2040-12-31,,EA,1,,7367.98,5,0,36839.91,0.37,0,0,0,5,2040,29,
91210,6013447,Dummy Value 49,Dummy Value 70,Dummy Value 64,F16AS1A01,330,Cranio-Maxillofacial,IMP,Implant SKU,CMF,NSE,Endoscopy & NSE,2010-02-25,8,104,2040-12-31,,EA,1,,1574.91,35,0,55121.85,0.55,0,0,0,35,2040,104,
91210,5820013330,Dummy Value 100,Dummy Value 90,Dummy Value 58,G16DS2C06,303,Micro - NSE,MCS,Medsurg Consumable,NSE - Others,NSE,Endoscopy & NSE,2017-12-27,1,10,2022-11-01,,EA,1,,1703.16,1,0,1703.16,0.02,0,0,0,1,2022,10,
91210,6730220012,Dummy Value 28,Dummy Value 17,Dummy Value 67,F16CS1D01,342,NSE Other (incl ENT&SilverGli),MCP,Medsurg Capital,NSE - Others,NSE,Endoscopy & NSE,2016-12-16,2,22,2040-12-31,,EA,1,,12855.81,24,0,308539.55,3.09,0,0,0,24,2040,22,
91210,233050077,Dummy Value 19,Dummy Value 35,Dummy Value 58,F15CS1D01,229,Video,MCP,Medsurg Capital,Video,Endoscopy,Endoscopy & NSE,2018-07-03,0,3,2099-12-31,,EA,1,,1538.36,1,0,1538.36,0.02,0,0,0,1,2099,3,
91210,502740051,Dummy Value 26,Dummy Value 33,Dummy Value 16,F05AS1F02,228,General Surgery,MCP,Medsurg Capital,General Surgery,Endoscopy,Endoscopy & NSE,2017-08-01,1,14,2099-12-31,,EA,1,,14150.46,2,0,28300.92,0.28,0,0,0,2,2099,14,
91210,6001200052,Dummy Value 50,Dummy Value 42,Dummy Value 28,G15ES1C01,327,Navigation,MCS,Medsurg Consumable,Navigation (Neuro),NSE,Endoscopy & NSE,2016-05-14,2,29,2040-12-31,,EA,1,,4387.43,1,0,4387.43,0.04,0,0,0,1,2040,29,
91210,65910000,Dummy Value 63,Dummy Value 78,Dummy Value 52,G15DS2D01,126,Thoraco-Lumbar,IMP,Implant SKU,Spine,NSE,Endoscopy & NSE,2012-12-27,6,70,2040-12-31,,EA,1,,5252.66,2,0,10505.32,0.11,0,0,0,2,2040,70,
91210,6730240507,Dummy Value 55,Dummy Value 15,Dummy Value 92,F16CS1E01,342,NSE Other (incl ENT&SilverGli),MCP,Medsurg Capital,NSE - Others,NSE,Endoscopy & NSE,2016-12-16,2,22,2040-12-31,,EA,1,,14355.06,10,0,143550.61,1.44,0,0,0,10,2040,22,
91210,5290647000,Dummy Value 17,Dummy Value 11,Dummy Value 99,F13BS1C01,342,NSE Other (incl ENT&SilverGli),MCS,Medsurg Consumable,NSE - Others,NSE,Endoscopy & NSE,2017-06-24,1,16,2020-01-19,,EA,5,,16140.95,1,0,16140.95,0.16,0,0,0,1,2020,16,
91210,5017904,Dummy Value 43,Dummy Value 100,Dummy Value 54,F01AS1A01,330,Cranio-Maxillofacial,IMP,Implant SKU,CMF,NSE,Endoscopy & NSE,2017-02-28,1,20,2099-12-31,,EA,5,,759.24,250,0,189810,1.9,0,0,0,250,2099,20,
91210,9567,Dummy Value 99,Dummy Value 79,Dummy Value 81,F04CS1C03,343,MEDPOR,IMP,Implant SKU,CMF,NSE,Endoscopy & NSE,2017-11-27,1,11,2025-12-31,,EA,1,,20552.76,5,0,102763.8,1.03,0,0,0,5,2025,11,
91210,502880211,Dummy Value 38,Dummy Value 95,Dummy Value 54,F16AS1E01,228,General Surgery,MCP,Medsurg Capital,General Surgery,Endoscopy,Endoscopy & NSE,2016-04-13,2,30,2040-12-31,,EA,1,,22643.82,1,0,22643.82,0.23,0,0,0,1,2040,30,
91210,6000999003,Dummy Value 38,Dummy Value 21,Dummy Value 47,F14BS1B01,327,Navigation,MCP,Medsurg Capital,Navigation (Neuro),NSE,Endoscopy & NSE,2018-09-05,0,1,2099-12-31,,EA,1,,29515.46,2,0,59030.92,0.59,0,0,0,2,2099,1,
91210,3821540,Dummy Value 36,Dummy Value 90,Dummy Value 16,F13BS1D01,126,Thoraco-Lumbar,IMP,Implant SKU,Spine,NSE,Endoscopy & NSE,2018-05-17,0,5,2099-12-31,2018-04-10,EA,1,,1794.22,2,0,3588.44,0.04,0,0,0,2,2099,5,
91210,3801890,Dummy Value 76,Dummy Value 48,Dummy Value 92,F16AS1B01,126,Thoraco-Lumbar,IMP,Implant SKU,Spine,NSE,Endoscopy & NSE,2017-01-14,1,21,2040-12-31,,EA,1,,6854.32,2,0,13708.64,0.14,0,0,0,2,2040,21,
91210,250080690,Dummy Value 54,Dummy Value 91,Dummy Value 46,F14BS1D01,228,General Surgery,MCP,Medsurg Capital,General Surgery,Endoscopy,Endoscopy & NSE,2016-03-04,2,31,2040-12-31,,EA,1,,546.35,2,0,1092.69,0.01,0,0,0,2,2040,31,
91210,482315540,Dummy Value 76,Dummy Value 95,Dummy Value 86,G15CS2E02,126,Thoraco-Lumbar,IMP,Implant SKU,Spine,NSE,Endoscopy & NSE,2016-11-28,2,23,2040-12-31,2016-11-22,EA,1,,2197.56,6,0,13185.36,0.13,0,0,0,6,2040,23,
91210,482315050,Dummy Value 53,Dummy Value 53,Dummy Value 32,G15DS2A06,126,Thoraco-Lumbar,IMP,Implant SKU,Spine,NSE,Endoscopy & NSE,2018-01-27,0,9,2040-12-31,2017-12-06,EA,1,,2583.6,23,0,59422.8,0.59,0,0,0,23,2040,9,
91210,3821425,Dummy Value 16,Dummy Value 13,Dummy Value 66,G15AS2F05,126,Thoraco-Lumbar,IMP,Implant SKU,Spine,NSE,Endoscopy & NSE,2017-01-14,1,21,2040-12-31,,EA,1,,1745.48,4,0,6981.92,0.07,0,0,0,4,2040,21,
91209,306810000,Dummy Value 86,Dummy Value 87,Dummy Value 30,G23AS1F01,315,Interventional Pain,MCS,Medsurg Consumable,Spine,NSE,Endoscopy & NSE,2018-10-22,0,0,2021-06-01,,EA,6,,12254.32,3,0,36762.96,0.37,0,0,0,3,2021,0,
91210,5820066016,Dummy Value 92,Dummy Value 44,Dummy Value 39,G16BS1E03,303,Micro - NSE,MCS,Medsurg Consumable,NSE - Others,NSE,Endoscopy & NSE,2017-08-26,1,14,2022-06-01,,EA,1,,2728.53,4,0,10914.1,0.11,0,0,0,4,2022,14,
91210,5400647,Dummy Value 57,Dummy Value 98,Dummy Value 31,G14BS1C06,338,Neuro,IMP,Implant SKU,CMF,NSE,Endoscopy & NSE,2016-07-25,2,27,2040-12-31,,EA,1,,7171.1,5,0,35855.5,0.36,0,0,0,5,2040,27,
91210,85001,Dummy Value 57,Dummy Value 88,Dummy Value 20,F04CS1D08,343,MEDPOR,IMP,Implant SKU,CMF,NSE,Endoscopy & NSE,2018-05-02,0,5,2099-12-31,2017-09-21,EA,1,,5323.03,2,0,10646.06,0.11,0,0,0,2,2099,5,
91210,5625001,Dummy Value 77,Dummy Value 18,Dummy Value 33,G14CS1A01,330,Cranio-Maxillofacial,IMP,Implant SKU,CMF,NSE,Endoscopy & NSE,2017-07-23,1,15,2099-12-31,,EA,1,,10479.95,1,0,10479.95,0.1,0,0,0,1,2099,15,
91210,5820066010,Dummy Value 34,Dummy Value 36,Dummy Value 87,G16DS1G01,303,Micro - NSE,MCS,Medsurg Consumable,NSE - Others,NSE,Endoscopy & NSE,2014-12-18,4,46,2019-12-01,,EA,1,,2103.31,2,0,4206.61,0.04,0,0,0,2,2019,46,
91210,5450804000,Dummy Value 90,Dummy Value 14,Dummy Value 40,G11CS2B01,342,NSE Other (incl ENT&SilverGli),MCP,Medsurg Capital,NSE - Others,NSE,Endoscopy & NSE,2017-11-18,1,11,2099-12-31,,EA,1,,148229.18,1,0,148229.18,1.48,0,0,0,1,2099,11,
91210,250080588,Dummy Value 59,Dummy Value 11,Dummy Value 81,G17AS1C06,228,General Surgery,MCP,Medsurg Capital,General Surgery,Endoscopy,Endoscopy & NSE,2018-08-20,0,2,2040-12-31,,EA,1,,12195.93,1,0,12195.93,0.12,0,0,0,1,2040,2,
91210,250080764,Dummy Value 14,Dummy Value 48,Dummy Value 66,F05CS1B04,228,General Surgery,MCS,Medsurg Consumable,General Surgery,Endoscopy,Endoscopy & NSE,2016-05-07,2,29,2040-12-31,,EA,1,,7997.67,1,0,7997.67,0.08,0,0,0,1,2040,29,
91210,502555010,Dummy Value 39,Dummy Value 68,Dummy Value 44,G17AS1C02,229,Video,MCP,Medsurg Capital,General Surgery,Endoscopy,Endoscopy & NSE,2013-12-11,5,58,2040-12-31,,EA,1,,67656.55,1,0,67656.55,0.68,0,0,0,1,2040,58,
